ID,sentimiento
60000,0
60001,0
60002,0
60003,1
60004,0
60005,1
60006,0
60007,0
60008,0
60009,0
60010,0
60011,1
60012,0
60013,0
60014,0
60015,0
60016,1
60017,0
60018,0
60019,0
60020,1
60021,1
60022,0
60023,0
60024,0
60025,0
60026,1
60027,1
60028,1
60029,1
60030,0
60031,1
60032,1
60033,1
60034,1
60035,0
60036,1
60037,0
60038,1
60039,1
60040,1
60041,1
60042,0
60043,1
60044,0
60045,0
60046,0
60047,1
60048,0
60049,0
60050,0
60051,0
60052,1
60053,1
60054,0
60055,1
60056,0
60057,0
60058,1
60059,1
60060,1
60061,0
60062,1
60063,1
60064,1
60065,1
60066,1
60067,1
60068,1
60069,0
60070,0
60071,0
60072,1
60073,1
60074,1
60075,1
60076,1
60077,1
60078,0
60079,0
60080,0
60081,0
60082,1
60083,0
60084,1
60085,1
60086,1
60087,1
60088,1
60089,1
60090,1
60091,0
60092,0
60093,1
60094,0
60095,0
60096,0
60097,0
60098,0
60099,0
60100,1
60101,0
60102,1
60103,0
60104,1
60105,0
60106,0
60107,0
60108,1
60109,0
60110,1
60111,1
60112,1
60113,0
60114,0
60115,1
60116,0
60117,0
60118,1
60119,0
60120,0
60121,0
60122,0
60123,0
60124,1
60125,1
60126,1
60127,1
60128,0
60129,0
60130,1
60131,1
60132,0
60133,1
60134,1
60135,0
60136,1
60137,0
60138,0
60139,1
60140,0
60141,1
60142,0
60143,1
60144,0
60145,1
60146,0
60147,1
60148,1
60149,1
60150,1
60151,0
60152,0
60153,0
60154,0
60155,0
60156,0
60157,0
60158,0
60159,1
60160,0
60161,1
60162,0
60163,0
60164,1
60165,0
60166,0
60167,0
60168,0
60169,0
60170,0
60171,0
60172,1
60173,0
60174,0
60175,0
60176,1
60177,1
60178,1
60179,0
60180,0
60181,1
60182,1
60183,0
60184,1
60185,0
60186,0
60187,1
60188,0
60189,0
60190,0
60191,1
60192,0
60193,1
60194,1
60195,1
60196,1
60197,1
60198,0
60199,1
60200,0
60201,0
60202,0
60203,0
60204,1
60205,1
60206,1
60207,1
60208,1
60209,1
60210,1
60211,1
60212,1
60213,1
60214,1
60215,1
60216,1
60217,1
60218,0
60219,0
60220,1
60221,1
60222,1
60223,1
60224,0
60225,0
60226,0
60227,1
60228,0
60229,1
60230,1
60231,0
60232,1
60233,0
60234,0
60235,0
60236,0
60237,1
60238,0
60239,0
60240,1
60241,1
60242,0
60243,1
60244,0
60245,0
60246,1
60247,0
60248,0
60249,1
60250,1
60251,1
60252,1
60253,0
60254,1
60255,0
60256,1
60257,0
60258,0
60259,1
60260,1
60261,0
60262,1
60263,0
60264,1
60265,0
60266,1
60267,0
60268,0
60269,0
60270,0
60271,0
60272,0
60273,1
60274,1
60275,0
60276,1
60277,1
60278,1
60279,0
60280,0
60281,0
60282,1
60283,0
60284,1
60285,1
60286,1
60287,1
60288,0
60289,1
60290,0
60291,1
60292,0
60293,0
60294,0
60295,0
60296,0
60297,0
60298,1
60299,1
60300,0
60301,1
60302,0
60303,0
60304,0
60305,1
60306,0
60307,0
60308,0
60309,1
60310,1
60311,1
60312,1
60313,1
60314,0
60315,1
60316,1
60317,1
60318,0
60319,1
60320,1
60321,0
60322,0
60323,1
60324,1
60325,1
60326,0
60327,0
60328,1
60329,0
60330,0
60331,1
60332,0
60333,1
60334,1
60335,1
60336,0
60337,0
60338,1
60339,1
60340,0
60341,0
60342,0
60343,1
60344,0
60345,1
60346,0
60347,1
60348,0
60349,1
60350,1
60351,1
60352,1
60353,1
60354,1
60355,0
60356,0
60357,1
60358,0
60359,0
60360,0
60361,1
60362,1
60363,0
60364,1
60365,0
60366,0
60367,1
60368,0
60369,0
60370,1
60371,0
60372,1
60373,1
60374,1
60375,1
60376,1
60377,1
60378,1
60379,1
60380,1
60381,1
60382,0
60383,0
60384,1
60385,1
60386,1
60387,1
60388,1
60389,1
60390,1
60391,0
60392,1
60393,0
60394,0
60395,1
60396,1
60397,0
60398,0
60399,0
60400,1
60401,1
60402,1
60403,1
60404,0
60405,1
60406,0
60407,0
60408,0
60409,1
60410,1
60411,0
60412,0
60413,1
60414,0
60415,1
60416,0
60417,1
60418,1
60419,1
60420,0
60421,0
60422,0
60423,0
60424,0
60425,0
60426,0
60427,1
60428,1
60429,0
60430,1
60431,1
60432,0
60433,0
60434,1
60435,1
60436,1
60437,1
60438,1
60439,1
60440,1
60441,1
60442,1
60443,1
60444,1
60445,0
60446,1
60447,0
60448,0
60449,1
60450,1
60451,0
60452,1
60453,1
60454,1
60455,0
60456,1
60457,1
60458,1
60459,0
60460,0
60461,1
60462,0
60463,0
60464,1
60465,1
60466,0
60467,1
60468,1
60469,1
60470,0
60471,1
60472,0
60473,0
60474,1
60475,0
60476,0
60477,0
60478,0
60479,1
60480,0
60481,0
60482,0
60483,1
60484,0
60485,1
60486,0
60487,1
60488,1
60489,1
60490,0
60491,1
60492,0
60493,1
60494,0
60495,1
60496,0
60497,1
60498,1
60499,0
60500,0
60501,1
60502,1
60503,0
60504,0
60505,1
60506,0
60507,0
60508,1
60509,1
60510,1
60511,0
60512,0
60513,1
60514,1
60515,1
60516,1
60517,1
60518,1
60519,0
60520,0
60521,0
60522,0
60523,1
60524,1
60525,1
60526,1
60527,1
60528,0
60529,1
60530,0
60531,1
60532,1
60533,1
60534,1
60535,1
60536,1
60537,0
60538,0
60539,1
60540,0
60541,0
60542,1
60543,0
60544,1
60545,1
60546,1
60547,1
60548,1
60549,1
60550,0
60551,0
60552,1
60553,1
60554,0
60555,1
60556,0
60557,0
60558,0
60559,1
60560,1
60561,0
60562,1
60563,1
60564,0
60565,1
60566,1
60567,1
60568,1
60569,1
60570,1
60571,0
60572,1
60573,1
60574,1
60575,1
60576,1
60577,1
60578,1
60579,1
60580,0
60581,1
60582,1
60583,1
60584,0
60585,1
60586,1
60587,1
60588,1
60589,0
60590,1
60591,1
60592,1
60593,1
60594,0
60595,0
60596,0
60597,0
60598,0
60599,0
60600,1
60601,1
60602,0
60603,1
60604,1
60605,1
60606,1
60607,1
60608,0
60609,1
60610,1
60611,1
60612,0
60613,1
60614,1
60615,1
60616,1
60617,0
60618,0
60619,0
60620,1
60621,1
60622,1
60623,1
60624,1
60625,0
60626,1
60627,0
60628,1
60629,1
60630,1
60631,1
60632,0
60633,0
60634,1
60635,1
60636,0
60637,0
60638,0
60639,0
60640,1
60641,1
60642,1
60643,1
60644,1
60645,1
60646,0
60647,1
60648,0
60649,1
60650,0
60651,1
60652,1
60653,1
60654,1
60655,0
60656,0
60657,0
60658,1
60659,0
60660,0
60661,1
60662,1
60663,1
60664,1
60665,1
60666,1
60667,1
60668,1
60669,1
60670,1
60671,0
60672,0
60673,1
60674,1
60675,1
60676,0
60677,0
60678,1
60679,1
60680,0
60681,1
60682,0
60683,0
60684,1
60685,1
60686,1
60687,0
60688,1
60689,0
60690,1
60691,0
60692,1
60693,0
60694,1
60695,1
60696,0
60697,1
60698,1
60699,1
60700,1
60701,0
60702,1
60703,1
60704,0
60705,0
60706,1
60707,1
60708,1
60709,1
60710,1
60711,0
60712,0
60713,1
60714,1
60715,1
60716,1
60717,1
60718,1
60719,1
60720,1
60721,1
60722,1
60723,1
60724,0
60725,1
60726,1
60727,0
60728,1
60729,0
60730,0
60731,0
60732,1
60733,0
60734,0
60735,1
60736,1
60737,0
60738,1
60739,0
60740,1
60741,1
60742,0
60743,1
60744,0
60745,0
60746,0
60747,0
60748,0
60749,0
60750,1
60751,1
60752,1
60753,1
60754,1
60755,1
60756,1
60757,1
60758,1
60759,1
60760,0
60761,1
60762,1
60763,0
60764,1
60765,1
60766,0
60767,1
60768,1
60769,0
60770,1
60771,1
60772,1
60773,1
60774,0
60775,1
60776,0
60777,1
60778,1
60779,1
60780,1
60781,1
60782,1
60783,1
60784,1
60785,1
60786,0
60787,1
60788,0
60789,1
60790,0
60791,0
60792,1
60793,0
60794,0
60795,1
60796,0
60797,1
60798,0
60799,0
60800,0
60801,0
60802,1
60803,1
60804,0
60805,1
60806,0
60807,1
60808,1
60809,1
60810,0
60811,1
60812,1
60813,1
60814,1
60815,1
60816,1
60817,0
60818,0
60819,1
60820,1
60821,1
60822,1
60823,0
60824,0
60825,1
60826,1
60827,1
60828,0
60829,1
60830,1
60831,1
60832,1
60833,1
60834,1
60835,1
60836,1
60837,0
60838,1
60839,1
60840,0
60841,0
60842,1
60843,1
60844,0
60845,0
60846,1
60847,0
60848,1
60849,0
60850,1
60851,0
60852,1
60853,0
60854,1
60855,0
60856,0
60857,0
60858,1
60859,0
60860,0
60861,1
60862,1
60863,0
60864,1
60865,1
60866,0
60867,0
60868,1
60869,1
60870,0
60871,0
60872,0
60873,0
60874,1
60875,0
60876,1
60877,0
60878,0
60879,1
60880,0
60881,1
60882,1
60883,0
60884,0
60885,0
60886,0
60887,1
60888,1
60889,1
60890,1
60891,0
60892,1
60893,0
60894,0
60895,1
60896,0
60897,1
60898,0
60899,1
60900,1
60901,1
60902,0
60903,1
60904,0
60905,0
60906,0
60907,0
60908,1
60909,0
60910,1
60911,1
60912,1
60913,0
60914,0
60915,0
60916,1
60917,1
60918,1
60919,0
60920,0
60921,1
60922,1
60923,1
60924,1
60925,0
60926,1
60927,1
60928,0
60929,0
60930,0
60931,0
60932,0
60933,0
60934,0
60935,0
60936,0
60937,0
60938,0
60939,0
60940,0
60941,0
60942,0
60943,0
60944,0
60945,0
60946,1
60947,0
60948,1
60949,0
60950,0
60951,0
60952,0
60953,0
60954,1
60955,1
60956,0
60957,1
60958,0
60959,0
60960,1
60961,0
60962,1
60963,1
60964,0
60965,0
60966,0
60967,1
60968,0
60969,0
60970,1
60971,1
60972,0
60973,0
60974,0
60975,1
60976,0
60977,0
60978,0
60979,0
60980,0
60981,0
60982,1
60983,0
60984,1
60985,1
60986,1
60987,1
60988,1
60989,1
60990,1
60991,1
60992,1
60993,0
60994,0
60995,0
60996,1
60997,1
60998,0
60999,0
61000,1
61001,0
61002,0
61003,0
61004,0
61005,1
61006,1
61007,0
61008,1
61009,0
61010,0
61011,1
61012,0
61013,1
61014,1
61015,0
61016,0
61017,0
61018,1
61019,0
61020,0
61021,1
61022,0
61023,0
61024,1
61025,0
61026,0
61027,1
61028,0
61029,0
61030,0
61031,0
61032,0
61033,0
61034,0
61035,0
61036,0
61037,0
61038,1
61039,0
61040,0
61041,1
61042,0
61043,0
61044,1
61045,0
61046,0
61047,1
61048,0
61049,0
61050,0
61051,0
61052,0
61053,0
61054,0
61055,1
61056,0
61057,0
61058,0
61059,0
61060,0
61061,0
61062,0
61063,0
61064,1
61065,1
61066,1
61067,1
61068,0
61069,1
61070,1
61071,1
61072,0
61073,0
61074,0
61075,0
61076,0
61077,1
61078,1
61079,0
61080,1
61081,0
61082,1
61083,0
61084,0
61085,1
61086,0
61087,0
61088,1
61089,1
61090,0
61091,1
61092,0
61093,0
61094,1
61095,0
61096,1
61097,0
61098,1
61099,0
61100,1
61101,0
61102,1
61103,0
61104,0
61105,0
61106,1
61107,1
61108,1
61109,1
61110,0
61111,0
61112,0
61113,0
61114,0
61115,0
61116,1
61117,1
61118,0
61119,1
61120,1
61121,0
61122,1
61123,1
61124,1
61125,1
61126,1
61127,0
61128,0
61129,1
61130,0
61131,1
61132,1
61133,1
61134,1
61135,1
61136,1
61137,0
61138,1
61139,1
61140,1
61141,1
61142,0
61143,0
61144,0
61145,0
61146,0
61147,1
61148,0
61149,0
61150,0
61151,0
61152,0
61153,0
61154,0
61155,0
61156,1
61157,1
61158,0
61159,1
61160,1
61161,0
61162,0
61163,1
61164,0
61165,1
61166,0
61167,0
61168,0
61169,0
61170,1
61171,0
61172,0
61173,1
61174,1
61175,0
61176,0
61177,1
61178,1
61179,0
61180,0
61181,1
61182,1
61183,0
61184,0
61185,1
61186,0
61187,1
61188,0
61189,0
61190,1
61191,1
61192,1
61193,0
61194,0
61195,0
61196,0
61197,1
61198,0
61199,1
61200,1
61201,1
61202,1
61203,0
61204,1
61205,0
61206,1
61207,1
61208,1
61209,0
61210,0
61211,0
61212,0
61213,0
61214,1
61215,0
61216,0
61217,1
61218,0
61219,0
61220,1
61221,0
61222,1
61223,1
61224,1
61225,0
61226,0
61227,1
61228,0
61229,1
61230,1
61231,1
61232,1
61233,0
61234,1
61235,1
61236,0
61237,1
61238,0
61239,1
61240,0
61241,1
61242,1
61243,0
61244,1
61245,1
61246,1
61247,0
61248,1
61249,1
61250,0
61251,0
61252,1
61253,1
61254,1
61255,1
61256,1
61257,0
61258,0
61259,0
61260,1
61261,1
61262,1
61263,1
61264,0
61265,1
61266,1
61267,1
61268,0
61269,1
61270,1
61271,1
61272,1
61273,1
61274,0
61275,1
61276,1
61277,1
61278,0
61279,1
61280,0
61281,0
61282,0
61283,0
61284,1
61285,0
61286,0
61287,1
61288,0
61289,1
61290,1
61291,1
61292,0
61293,1
61294,0
61295,1
61296,0
61297,0
61298,1
61299,1
61300,1
61301,1
61302,1
61303,1
61304,1
61305,1
61306,1
61307,0
61308,1
61309,1
61310,1
61311,1
61312,1
61313,0
61314,0
61315,0
61316,1
61317,1
61318,1
61319,0
61320,0
61321,1
61322,1
61323,1
61324,1
61325,1
61326,0
61327,1
61328,0
61329,0
61330,1
61331,1
61332,0
61333,1
61334,1
61335,0
61336,1
61337,1
61338,1
61339,1
61340,1
61341,0
61342,1
61343,1
61344,1
61345,0
61346,1
61347,0
61348,0
61349,1
61350,1
61351,1
61352,1
61353,1
61354,0
61355,0
61356,1
61357,1
61358,1
61359,0
61360,1
61361,1
61362,0
61363,1
61364,1
61365,1
61366,1
61367,1
61368,1
61369,0
61370,0
61371,0
61372,1
61373,1
61374,1
61375,1
61376,1
61377,0
61378,1
61379,1
61380,1
61381,0
61382,0
61383,1
61384,0
61385,0
61386,1
61387,1
61388,0
61389,1
61390,1
61391,1
61392,1
61393,1
61394,1
61395,0
61396,0
61397,0
61398,0
61399,1
61400,0
61401,1
61402,1
61403,0
61404,0
61405,0
61406,1
61407,1
61408,1
61409,1
61410,1
61411,1
61412,1
61413,0
61414,0
61415,1
61416,1
61417,1
61418,1
61419,1
61420,0
61421,0
61422,0
61423,1
61424,1
61425,1
61426,0
61427,1
61428,1
61429,1
61430,0
61431,0
61432,1
61433,0
61434,0
61435,0
61436,1
61437,1
61438,0
61439,0
61440,1
61441,1
61442,1
61443,1
61444,1
61445,1
61446,1
61447,0
61448,0
61449,0
61450,1
61451,0
61452,0
61453,1
61454,1
61455,0
61456,0
61457,1
61458,0
61459,0
61460,0
61461,0
61462,1
61463,1
61464,0
61465,0
61466,1
61467,0
61468,0
61469,1
61470,0
61471,1
61472,1
61473,1
61474,1
61475,0
61476,1
61477,0
61478,0
61479,0
61480,0
61481,0
61482,0
61483,0
61484,1
61485,1
61486,0
61487,1
61488,0
61489,0
61490,0
61491,1
61492,0
61493,0
61494,1
61495,1
61496,1
61497,1
61498,1
61499,0
61500,0
61501,0
61502,1
61503,0
61504,1
61505,1
61506,1
61507,0
61508,0
61509,0
61510,1
61511,0
61512,0
61513,0
61514,0
61515,1
61516,0
61517,0
61518,0
61519,1
61520,0
61521,0
61522,0
61523,0
61524,0
61525,1
61526,0
61527,0
61528,1
61529,0
61530,0
61531,0
61532,1
61533,1
61534,0
61535,1
61536,1
61537,0
61538,0
61539,0
61540,1
61541,1
61542,0
61543,0
61544,1
61545,1
61546,1
61547,0
61548,0
61549,0
61550,0
61551,1
61552,0
61553,1
61554,0
61555,0
61556,0
61557,1
61558,1
61559,1
61560,1
61561,0
61562,0
61563,1
61564,1
61565,0
61566,0
61567,1
61568,1
61569,1
61570,0
61571,1
61572,0
61573,1
61574,0
61575,1
61576,1
61577,0
61578,0
61579,0
61580,1
61581,0
61582,1
61583,0
61584,1
61585,0
61586,1
61587,1
61588,1
61589,1
61590,0
61591,0
61592,1
61593,1
61594,1
61595,0
61596,1
61597,0
61598,0
61599,1
61600,1
61601,1
61602,1
61603,1
61604,1
61605,0
61606,0
61607,0
61608,1
61609,1
61610,1
61611,1
61612,0
61613,1
61614,1
61615,1
61616,0
61617,0
61618,0
61619,1
61620,0
61621,0
61622,0
61623,1
61624,0
61625,1
61626,0
61627,1
61628,1
61629,1
61630,1
61631,1
61632,0
61633,1
61634,0
61635,0
61636,0
61637,1
61638,0
61639,1
61640,1
61641,0
61642,1
61643,1
61644,1
61645,1
61646,1
61647,0
61648,1
61649,1
61650,0
61651,0
61652,1
61653,0
61654,0
61655,0
61656,0
61657,1
61658,1
61659,1
61660,0
61661,1
61662,0
61663,1
61664,0
61665,0
61666,1
61667,1
61668,1
61669,1
61670,1
61671,1
61672,0
61673,1
61674,1
61675,1
61676,1
61677,1
61678,1
61679,0
61680,0
61681,1
61682,0
61683,1
61684,0
61685,1
61686,1
61687,0
61688,1
61689,1
61690,0
61691,0
61692,1
61693,1
61694,1
61695,1
61696,1
61697,1
61698,1
61699,1
61700,1
61701,0
61702,1
61703,0
61704,1
61705,1
61706,1
61707,0
61708,1
61709,1
61710,1
61711,0
61712,0
61713,1
61714,1
61715,1
61716,1
61717,1
61718,1
61719,0
61720,0
61721,1
61722,0
61723,0
61724,1
61725,0
61726,1
61727,1
61728,1
61729,1
61730,1
61731,1
61732,0
61733,1
61734,1
61735,1
61736,1
61737,1
61738,1
61739,1
61740,1
61741,1
61742,0
61743,0
61744,0
61745,1
61746,0
61747,1
61748,1
61749,1
61750,1
61751,0
61752,0
61753,1
61754,1
61755,0
61756,1
61757,1
61758,0
61759,1
61760,1
61761,1
61762,1
61763,1
61764,1
61765,1
61766,1
61767,1
61768,1
61769,0
61770,0
61771,1
61772,1
61773,1
61774,0
61775,1
61776,0
61777,0
61778,0
61779,0
61780,1
61781,0
61782,0
61783,0
61784,0
61785,0
61786,1
61787,1
61788,1
61789,1
61790,1
61791,1
61792,1
61793,0
61794,1
61795,1
61796,1
61797,1
61798,0
61799,1
61800,1
61801,0
61802,1
61803,1
61804,1
61805,1
61806,1
61807,1
61808,1
61809,1
61810,1
61811,1
61812,0
61813,1
61814,1
61815,1
61816,1
61817,1
61818,0
61819,1
61820,0
61821,1
61822,1
61823,1
61824,0
61825,0
61826,1
61827,0
61828,1
61829,0
61830,1
61831,1
61832,1
61833,0
61834,1
61835,1
61836,0
61837,1
61838,1
61839,1
61840,0
61841,1
61842,1
61843,1
61844,1
61845,1
61846,1
61847,1
61848,1
61849,1
61850,1
61851,1
61852,1
61853,1
61854,1
61855,1
61856,1
61857,0
61858,0
61859,1
61860,1
61861,0
61862,0
61863,0
61864,0
61865,1
61866,1
61867,0
61868,1
61869,1
61870,0
61871,1
61872,1
61873,0
61874,0
61875,1
61876,1
61877,1
61878,0
61879,0
61880,1
61881,1
61882,1
61883,1
61884,1
61885,1
61886,1
61887,1
61888,1
61889,1
61890,1
61891,1
61892,0
61893,1
61894,1
61895,1
61896,0
61897,0
61898,0
61899,1
61900,0
61901,0
61902,1
61903,1
61904,0
61905,1
61906,1
61907,0
61908,0
61909,1
61910,0
61911,1
61912,0
61913,1
61914,0
61915,1
61916,0
61917,1
61918,1
61919,1
61920,1
61921,1
61922,1
61923,1
61924,0
61925,1
61926,1
61927,0
61928,0
61929,1
61930,0
61931,1
61932,1
61933,0
61934,0
61935,0
61936,0
61937,1
61938,0
61939,0
61940,0
61941,0
61942,0
61943,1
61944,1
61945,0
61946,1
61947,0
61948,0
61949,0
61950,1
61951,1
61952,1
61953,1
61954,1
61955,1
61956,1
61957,0
61958,1
61959,1
61960,1
61961,0
61962,0
61963,0
61964,0
61965,0
61966,0
61967,1
61968,1
61969,1
61970,1
61971,0
61972,0
61973,1
61974,0
61975,0
61976,1
61977,0
61978,1
61979,1
61980,0
61981,1
61982,1
61983,1
61984,1
61985,1
61986,1
61987,0
61988,1
61989,1
61990,1
61991,0
61992,1
61993,0
61994,0
61995,0
61996,1
61997,1
61998,1
61999,1
62000,1
62001,1
62002,0
62003,1
62004,1
62005,1
62006,1
62007,1
62008,1
62009,1
62010,1
62011,1
62012,0
62013,1
62014,0
62015,0
62016,0
62017,0
62018,0
62019,1
62020,1
62021,1
62022,1
62023,1
62024,1
62025,1
62026,0
62027,0
62028,1
62029,1
62030,0
62031,1
62032,1
62033,1
62034,1
62035,1
62036,1
62037,0
62038,1
62039,0
62040,1
62041,1
62042,1
62043,1
62044,1
62045,0
62046,1
62047,1
62048,0
62049,0
62050,0
62051,1
62052,0
62053,1
62054,0
62055,0
62056,0
62057,1
62058,1
62059,1
62060,1
62061,1
62062,0
62063,0
62064,0
62065,1
62066,0
62067,0
62068,1
62069,1
62070,0
62071,0
62072,1
62073,0
62074,0
62075,0
62076,0
62077,0
62078,0
62079,1
62080,0
62081,0
62082,1
62083,0
62084,1
62085,1
62086,0
62087,0
62088,1
62089,1
62090,1
62091,0
62092,1
62093,1
62094,0
62095,0
62096,0
62097,0
62098,1
62099,1
62100,0
62101,1
62102,0
62103,0
62104,1
62105,1
62106,0
62107,0
62108,0
62109,0
62110,0
62111,0
62112,1
62113,0
62114,0
62115,0
62116,0
62117,0
62118,0
62119,0
62120,0
62121,0
62122,0
62123,1
62124,0
62125,0
62126,0
62127,0
62128,0
62129,0
62130,0
62131,0
62132,0
62133,1
62134,0
62135,0
62136,0
62137,0
62138,0
62139,0
62140,0
62141,0
62142,0
62143,1
62144,1
62145,0
62146,0
62147,0
62148,0
62149,0
62150,1
62151,0
62152,0
62153,1
62154,1
62155,0
62156,1
62157,0
62158,1
62159,1
62160,1
62161,0
62162,1
62163,0
62164,1
62165,1
62166,1
62167,1
62168,0
62169,1
62170,0
62171,1
62172,1
62173,0
62174,1
62175,1
62176,0
62177,1
62178,1
62179,1
62180,1
62181,0
62182,1
62183,0
62184,0
62185,1
62186,0
62187,1
62188,1
62189,0
62190,1
62191,0
62192,1
62193,1
62194,1
62195,0
62196,0
62197,1
62198,1
62199,0
62200,1
62201,1
62202,1
62203,1
62204,0
62205,1
62206,1
62207,1
62208,0
62209,1
62210,1
62211,1
62212,1
62213,1
62214,1
62215,1
62216,1
62217,0
62218,0
62219,0
62220,1
62221,1
62222,0
62223,1
62224,0
62225,1
62226,1
62227,1
62228,1
62229,0
62230,1
62231,1
62232,1
62233,1
62234,1
62235,1
62236,1
62237,1
62238,0
62239,0
62240,0
62241,0
62242,0
62243,1
62244,1
62245,1
62246,1
62247,1
62248,1
62249,1
62250,1
62251,0
62252,1
62253,0
62254,1
62255,1
62256,1
62257,1
62258,1
62259,0
62260,1
62261,1
62262,0
62263,0
62264,1
62265,1
62266,1
62267,1
62268,1
62269,1
62270,1
62271,1
62272,1
62273,0
62274,1
62275,1
62276,0
62277,0
62278,1
62279,1
62280,0
62281,0
62282,1
62283,1
62284,1
62285,1
62286,0
62287,0
62288,0
62289,1
62290,1
62291,0
62292,1
62293,0
62294,1
62295,1
62296,1
62297,1
62298,1
62299,0
62300,1
62301,0
62302,1
62303,1
62304,1
62305,1
62306,1
62307,0
62308,1
62309,1
62310,0
62311,1
62312,1
62313,1
62314,1
62315,0
62316,1
62317,0
62318,1
62319,1
62320,1
62321,0
62322,1
62323,1
62324,0
62325,1
62326,1
62327,1
62328,0
62329,1
62330,1
62331,1
62332,0
62333,1
62334,0
62335,1
62336,0
62337,1
62338,1
62339,0
62340,1
62341,1
62342,0
62343,1
62344,0
62345,0
62346,1
62347,0
62348,1
62349,0
62350,0
62351,1
62352,1
62353,1
62354,0
62355,1
62356,1
62357,1
62358,1
62359,1
62360,0
62361,1
62362,0
62363,1
62364,1
62365,0
62366,1
62367,0
62368,1
62369,1
62370,1
62371,0
62372,1
62373,1
62374,1
62375,0
62376,1
62377,1
62378,1
62379,1
62380,0
62381,1
62382,1
62383,1
62384,1
62385,1
62386,1
62387,1
62388,1
62389,1
62390,1
62391,1
62392,1
62393,1
62394,0
62395,0
62396,1
62397,1
62398,1
62399,1
62400,1
62401,1
62402,1
62403,1
62404,1
62405,1
62406,1
62407,1
62408,1
62409,1
62410,1
62411,1
62412,0
62413,1
62414,1
62415,1
62416,1
62417,1
62418,1
62419,1
62420,1
62421,1
62422,1
62423,1
62424,1
62425,1
62426,1
62427,1
62428,1
62429,1
62430,1
62431,1
62432,1
62433,1
62434,1
62435,1
62436,1
62437,1
62438,1
62439,1
62440,1
62441,1
62442,1
62443,1
62444,1
62445,1
62446,1
62447,1
62448,1
62449,0
62450,1
62451,1
62452,1
62453,1
62454,1
62455,1
62456,1
62457,1
62458,1
62459,1
62460,1
62461,1
62462,0
62463,1
62464,1
62465,0
62466,1
62467,1
62468,1
62469,1
62470,1
62471,1
62472,1
62473,1
62474,1
62475,1
62476,1
62477,1
62478,1
62479,1
62480,0
62481,1
62482,1
62483,1
62484,1
62485,1
62486,1
62487,1
62488,1
62489,1
62490,1
62491,1
62492,1
62493,1
62494,1
62495,1
62496,1
62497,1
62498,1
62499,1
62500,1
62501,1
62502,1
62503,0
62504,1
62505,1
62506,1
62507,1
62508,1
62509,1
62510,1
62511,0
62512,1
62513,0
62514,1
62515,1
62516,1
62517,1
62518,1
62519,1
62520,1
62521,1
62522,1
62523,1
62524,1
62525,1
62526,1
62527,0
62528,1
62529,1
62530,1
62531,1
62532,1
62533,0
62534,1
62535,1
62536,1
62537,0
62538,0
62539,1
62540,1
62541,1
62542,1
62543,0
62544,1
62545,1
62546,1
62547,1
62548,1
62549,0
62550,0
62551,1
62552,0
62553,0
62554,1
62555,1
62556,1
62557,1
62558,1
62559,1
62560,1
62561,1
62562,1
62563,0
62564,1
62565,1
62566,0
62567,1
62568,1
62569,1
62570,1
62571,0
62572,1
62573,1
62574,1
62575,1
62576,1
62577,1
62578,1
62579,0
62580,0
62581,1
62582,1
62583,0
62584,0
62585,1
62586,1
62587,0
62588,0
62589,0
62590,1
62591,0
62592,0
62593,1
62594,0
62595,0
62596,0
62597,0
62598,0
62599,1
62600,0
62601,0
62602,1
62603,0
62604,0
62605,0
62606,0
62607,0
62608,1
62609,0
62610,1
62611,0
62612,0
62613,0
62614,0
62615,0
62616,1
62617,0
62618,0
62619,0
62620,0
62621,0
62622,0
62623,0
62624,1
62625,0
62626,0
62627,1
62628,0
62629,0
62630,0
62631,1
62632,0
62633,0
62634,0
62635,0
62636,0
62637,1
62638,1
62639,0
62640,0
62641,0
62642,1
62643,1
62644,1
62645,1
62646,0
62647,0
62648,0
62649,0
62650,1
62651,1
62652,1
62653,0
62654,0
62655,0
62656,1
62657,0
62658,1
62659,0
62660,0
62661,0
62662,0
62663,1
62664,1
62665,0
62666,1
62667,1
62668,1
62669,1
62670,0
62671,0
62672,1
62673,1
62674,0
62675,0
62676,1
62677,1
62678,0
62679,0
62680,0
62681,0
62682,1
62683,0
62684,1
62685,0
62686,1
62687,1
62688,0
62689,0
62690,0
62691,1
62692,1
62693,1
62694,1
62695,1
62696,1
62697,0
62698,1
62699,0
62700,0
62701,0
62702,1
62703,0
62704,1
62705,0
62706,0
62707,0
62708,1
62709,1
62710,1
62711,1
62712,1
62713,0
62714,1
62715,0
62716,0
62717,0
62718,0
62719,0
62720,1
62721,1
62722,1
62723,1
62724,1
62725,0
62726,0
62727,1
62728,1
62729,1
62730,1
62731,1
62732,1
62733,0
62734,0
62735,1
62736,1
62737,1
62738,1
62739,1
62740,0
62741,0
62742,0
62743,0
62744,1
62745,1
62746,0
62747,1
62748,1
62749,1
62750,1
62751,0
62752,1
62753,1
62754,1
62755,1
62756,0
62757,0
62758,0
62759,0
62760,0
62761,1
62762,0
62763,1
62764,1
62765,0
62766,1
62767,0
62768,0
62769,0
62770,1
62771,1
62772,0
62773,1
62774,1
62775,0
62776,1
62777,0
62778,0
62779,1
62780,1
62781,0
62782,1
62783,0
62784,1
62785,0
62786,1
62787,0
62788,0
62789,1
62790,1
62791,0
62792,0
62793,1
62794,1
62795,0
62796,0
62797,0
62798,1
62799,0
62800,0
62801,0
62802,1
62803,1
62804,0
62805,1
62806,1
62807,1
62808,1
62809,1
62810,1
62811,1
62812,1
62813,0
62814,1
62815,0
62816,1
62817,1
62818,1
62819,1
62820,1
62821,0
62822,1
62823,0
62824,1
62825,0
62826,1
62827,1
62828,1
62829,0
62830,1
62831,1
62832,1
62833,1
62834,1
62835,1
62836,1
62837,1
62838,1
62839,1
62840,1
62841,1
62842,1
62843,1
62844,1
62845,1
62846,1
62847,1
62848,1
62849,0
62850,1
62851,1
62852,0
62853,1
62854,0
62855,1
62856,1
62857,0
62858,0
62859,0
62860,1
62861,1
62862,1
62863,0
62864,1
62865,1
62866,1
62867,1
62868,1
62869,1
62870,1
62871,1
62872,1
62873,1
62874,1
62875,1
62876,1
62877,1
62878,1
62879,1
62880,1
62881,0
62882,1
62883,1
62884,0
62885,1
62886,0
62887,0
62888,1
62889,0
62890,1
62891,1
62892,1
62893,1
62894,1
62895,1
62896,1
62897,1
62898,1
62899,1
62900,1
62901,1
62902,1
62903,1
62904,1
62905,1
62906,1
62907,1
62908,0
62909,0
62910,1
62911,1
62912,0
62913,1
62914,0
62915,1
62916,1
62917,1
62918,1
62919,1
62920,1
62921,1
62922,1
62923,1
62924,1
62925,1
62926,1
62927,1
62928,0
62929,1
62930,0
62931,1
62932,1
62933,1
62934,1
62935,1
62936,1
62937,1
62938,1
62939,1
62940,1
62941,1
62942,0
62943,0
62944,0
62945,1
62946,0
62947,1
62948,1
62949,1
62950,0
62951,1
62952,1
62953,1
62954,1
62955,1
62956,1
62957,1
62958,1
62959,1
62960,1
62961,1
62962,1
62963,0
62964,0
62965,1
62966,1
62967,1
62968,0
62969,1
62970,1
62971,1
62972,1
62973,1
62974,1
62975,0
62976,0
62977,1
62978,1
62979,1
62980,1
62981,1
62982,0
62983,1
62984,1
62985,1
62986,0
62987,1
62988,1
62989,1
62990,0
62991,0
62992,1
62993,0
62994,0
62995,0
62996,1
62997,0
62998,0
62999,0
63000,1
63001,0
63002,0
63003,0
63004,1
63005,0
63006,1
63007,0
63008,0
63009,0
63010,0
63011,1
63012,0
63013,1
63014,1
63015,1
63016,1
63017,0
63018,0
63019,0
63020,1
63021,1
63022,1
63023,0
63024,1
63025,0
63026,0
63027,1
63028,0
63029,0
63030,0
63031,1
63032,1
63033,1
63034,1
63035,1
63036,1
63037,0
63038,0
63039,0
63040,1
63041,0
63042,1
63043,1
63044,1
63045,0
63046,0
63047,1
63048,0
63049,0
63050,1
63051,0
63052,1
63053,1
63054,1
63055,1
63056,0
63057,0
63058,0
63059,0
63060,0
63061,0
63062,0
63063,1
63064,1
63065,0
63066,1
63067,0
63068,1
63069,1
63070,0
63071,1
63072,0
63073,0
63074,1
63075,1
63076,1
63077,1
63078,0
63079,0
63080,0
63081,0
63082,0
63083,1
63084,0
63085,0
63086,0
63087,0
63088,1
63089,1
63090,0
63091,1
63092,0
63093,0
63094,0
63095,0
63096,0
63097,1
63098,0
63099,0
63100,0
63101,0
63102,0
63103,0
63104,0
63105,0
63106,0
63107,0
63108,0
63109,0
63110,0
63111,0
63112,0
63113,0
63114,0
63115,0
63116,0
63117,1
63118,0
63119,0
63120,0
63121,1
63122,0
63123,0
63124,0
63125,0
63126,0
63127,0
63128,0
63129,0
63130,0
63131,0
63132,0
63133,0
63134,0
63135,0
63136,0
63137,0
63138,0
63139,1
63140,1
63141,0
63142,0
63143,0
63144,0
63145,1
63146,1
63147,1
63148,1
63149,0
63150,0
63151,0
63152,1
63153,0
63154,0
63155,1
63156,1
63157,0
63158,1
63159,0
63160,0
63161,0
63162,1
63163,0
63164,0
63165,0
63166,0
63167,0
63168,0
63169,0
63170,0
63171,0
63172,0
63173,1
63174,0
63175,1
63176,1
63177,1
63178,0
63179,1
63180,0
63181,0
63182,0
63183,0
63184,0
63185,0
63186,0
63187,0
63188,0
63189,0
63190,1
63191,0
63192,1
63193,0
63194,1
63195,0
63196,1
63197,1
63198,1
63199,1
63200,1
63201,1
63202,1
63203,0
63204,0
63205,0
63206,0
63207,1
63208,1
63209,0
63210,1
63211,1
63212,0
63213,0
63214,0
63215,1
63216,0
63217,1
63218,1
63219,0
63220,1
63221,0
63222,1
63223,0
63224,1
63225,0
63226,0
63227,1
63228,0
63229,0
63230,1
63231,1
63232,1
63233,0
63234,1
63235,1
63236,1
63237,1
63238,1
63239,0
63240,1
63241,1
63242,0
63243,1
63244,1
63245,0
63246,0
63247,0
63248,0
63249,1
63250,1
63251,1
63252,1
63253,1
63254,1
63255,1
63256,1
63257,0
63258,0
63259,1
63260,1
63261,1
63262,1
63263,0
63264,0
63265,0
63266,0
63267,1
63268,0
63269,1
63270,1
63271,1
63272,1
63273,1
63274,1
63275,0
63276,1
63277,1
63278,0
63279,1
63280,1
63281,1
63282,0
63283,1
63284,1
63285,1
63286,0
63287,0
63288,1
63289,0
63290,0
63291,1
63292,1
63293,0
63294,0
63295,1
63296,1
63297,1
63298,1
63299,1
63300,1
63301,0
63302,1
63303,0
63304,1
63305,1
63306,1
63307,1
63308,0
63309,0
63310,0
63311,0
63312,1
63313,1
63314,1
63315,0
63316,0
63317,0
63318,1
63319,0
63320,1
63321,0
63322,1
63323,1
63324,1
63325,1
63326,0
63327,0
63328,1
63329,1
63330,1
63331,1
63332,1
63333,0
63334,1
63335,0
63336,1
63337,0
63338,1
63339,1
63340,1
63341,0
63342,1
63343,0
63344,1
63345,1
63346,1
63347,0
63348,1
63349,1
63350,0
63351,0
63352,1
63353,1
63354,1
63355,0
63356,1
63357,1
63358,0
63359,1
63360,0
63361,1
63362,1
63363,1
63364,0
63365,0
63366,1
63367,1
63368,1
63369,1
63370,0
63371,1
63372,1
63373,1
63374,0
63375,0
63376,1
63377,1
63378,0
63379,0
63380,1
63381,0
63382,0
63383,1
63384,1
63385,1
63386,0
63387,0
63388,1
63389,1
63390,1
63391,0
63392,0
63393,0
63394,0
63395,1
63396,0
63397,1
63398,0
63399,0
63400,0
63401,1
63402,0
63403,1
63404,0
63405,0
63406,0
63407,1
63408,0
63409,1
63410,1
63411,1
63412,0
63413,0
63414,1
63415,0
63416,1
63417,0
63418,0
63419,0
63420,0
63421,0
63422,0
63423,0
63424,0
63425,1
63426,0
63427,0
63428,1
63429,0
63430,0
63431,0
63432,0
63433,0
63434,0
63435,0
63436,0
63437,0
63438,0
63439,1
63440,0
63441,0
63442,0
63443,0
63444,0
63445,1
63446,1
63447,0
63448,0
63449,0
63450,1
63451,0
63452,0
63453,1
63454,0
63455,1
63456,1
63457,1
63458,0
63459,1
63460,1
63461,0
63462,0
63463,0
63464,0
63465,1
63466,0
63467,0
63468,0
63469,0
63470,0
63471,0
63472,1
63473,1
63474,1
63475,0
63476,0
63477,0
63478,0
63479,0
63480,1
63481,1
63482,0
63483,0
63484,0
63485,0
63486,1
63487,0
63488,0
63489,0
63490,0
63491,1
63492,0
63493,0
63494,1
63495,1
63496,0
63497,0
63498,1
63499,0
63500,0
63501,0
63502,0
63503,0
63504,0
63505,1
63506,0
63507,0
63508,0
63509,0
63510,0
63511,1
63512,1
63513,1
63514,1
63515,0
63516,0
63517,0
63518,1
63519,0
63520,1
63521,0
63522,0
63523,0
63524,0
63525,1
63526,0
63527,0
63528,0
63529,0
63530,0
63531,0
63532,1
63533,1
63534,1
63535,1
63536,0
63537,0
63538,1
63539,0
63540,0
63541,0
63542,1
63543,1
63544,0
63545,0
63546,0
63547,0
63548,0
63549,1
63550,0
63551,1
63552,0
63553,1
63554,0
63555,0
63556,1
63557,1
63558,0
63559,0
63560,1
63561,0
63562,1
63563,0
63564,0
63565,0
63566,0
63567,0
63568,0
63569,0
63570,0
63571,0
63572,0
63573,0
63574,1
63575,0
63576,0
63577,1
63578,0
63579,1
63580,1
63581,1
63582,0
63583,1
63584,0
63585,1
63586,0
63587,0
63588,1
63589,1
63590,0
63591,0
63592,0
63593,1
63594,1
63595,0
63596,1
63597,0
63598,1
63599,1
63600,1
63601,0
63602,0
63603,1
63604,0
63605,0
63606,0
63607,0
63608,0
63609,0
63610,0
63611,0
63612,0
63613,1
63614,0
63615,0
63616,0
63617,0
63618,0
63619,0
63620,0
63621,0
63622,0
63623,0
63624,0
63625,0
63626,1
63627,1
63628,1
63629,0
63630,1
63631,1
63632,0
63633,0
63634,0
63635,1
63636,0
63637,0
63638,0
63639,0
63640,1
63641,1
63642,0
63643,0
63644,1
63645,1
63646,1
63647,0
63648,0
63649,0
63650,0
63651,0
63652,0
63653,0
63654,0
63655,0
63656,1
63657,0
63658,1
63659,0
63660,1
63661,0
63662,0
63663,1
63664,0
63665,0
63666,0
63667,0
63668,0
63669,0
63670,0
63671,0
63672,0
63673,0
63674,0
63675,0
63676,0
63677,0
63678,1
63679,0
63680,0
63681,0
63682,0
63683,0
63684,0
63685,1
63686,0
63687,0
63688,0
63689,1
63690,0
63691,0
63692,0
63693,1
63694,0
63695,1
63696,1
63697,0
63698,0
63699,1
63700,1
63701,1
63702,0
63703,0
63704,1
63705,1
63706,1
63707,1
63708,0
63709,1
63710,1
63711,0
63712,1
63713,0
63714,0
63715,1
63716,1
63717,1
63718,1
63719,0
63720,0
63721,0
63722,0
63723,0
63724,0
63725,0
63726,0
63727,1
63728,0
63729,1
63730,0
63731,0
63732,0
63733,0
63734,1
63735,0
63736,1
63737,0
63738,1
63739,1
63740,1
63741,1
63742,0
63743,0
63744,1
63745,0
63746,0
63747,0
63748,0
63749,0
63750,0
63751,1
63752,1
63753,1
63754,0
63755,1
63756,0
63757,0
63758,1
63759,1
63760,0
63761,0
63762,1
63763,0
63764,0
63765,0
63766,0
63767,0
63768,0
63769,0
63770,1
63771,1
63772,0
63773,0
63774,0
63775,0
63776,0
63777,0
63778,0
63779,1
63780,0
63781,0
63782,0
63783,0
63784,0
63785,0
63786,0
63787,0
63788,0
63789,0
63790,0
63791,0
63792,0
63793,0
63794,0
63795,0
63796,0
63797,0
63798,0
63799,0
63800,1
63801,1
63802,1
63803,1
63804,1
63805,1
63806,0
63807,0
63808,1
63809,0
63810,1
63811,0
63812,1
63813,1
63814,0
63815,0
63816,1
63817,0
63818,1
63819,0
63820,0
63821,1
63822,0
63823,1
63824,1
63825,0
63826,1
63827,1
63828,1
63829,1
63830,1
63831,0
63832,0
63833,0
63834,1
63835,1
63836,1
63837,1
63838,1
63839,1
63840,0
63841,0
63842,1
63843,1
63844,0
63845,0
63846,1
63847,1
63848,1
63849,1
63850,0
63851,1
63852,1
63853,0
63854,1
63855,1
63856,1
63857,1
63858,1
63859,1
63860,1
63861,0
63862,1
63863,0
63864,0
63865,1
63866,0
63867,0
63868,1
63869,1
63870,1
63871,1
63872,1
63873,0
63874,1
63875,1
63876,0
63877,1
63878,1
63879,1
63880,0
63881,0
63882,1
63883,0
63884,1
63885,1
63886,1
63887,1
63888,1
63889,1
63890,0
63891,1
63892,0
63893,0
63894,1
63895,0
63896,1
63897,1
63898,0
63899,1
63900,0
63901,0
63902,1
63903,0
63904,0
63905,0
63906,1
63907,1
63908,0
63909,0
63910,1
63911,0
63912,0
63913,1
63914,1
63915,1
63916,1
63917,1
63918,1
63919,1
63920,1
63921,1
63922,0
63923,1
63924,1
63925,0
63926,1
63927,0
63928,0
63929,1
63930,0
63931,1
63932,1
63933,1
63934,0
63935,1
63936,1
63937,0
63938,1
63939,1
63940,0
63941,0
63942,0
63943,0
63944,0
63945,1
63946,1
63947,1
63948,1
63949,1
63950,1
63951,0
63952,1
63953,1
63954,1
63955,1
63956,0
63957,1
63958,0
63959,1
63960,1
63961,0
63962,1
63963,1
63964,1
63965,1
63966,1
63967,1
63968,1
63969,1
63970,1
63971,0
63972,1
63973,1
63974,1
63975,0
63976,1
63977,1
63978,1
63979,1
63980,1
63981,0
63982,0
63983,1
63984,1
63985,1
63986,1
63987,1
63988,1
63989,1
63990,1
63991,1
63992,0
63993,1
63994,1
63995,1
63996,1
63997,1
63998,0
63999,1
64000,1
64001,1
64002,1
64003,0
64004,0
64005,1
64006,1
64007,0
64008,1
64009,1
64010,1
64011,1
64012,1
64013,1
64014,1
64015,1
64016,0
64017,1
64018,1
64019,1
64020,1
64021,1
64022,1
64023,0
64024,1
64025,1
64026,0
64027,1
64028,1
64029,0
64030,1
64031,1
64032,1
64033,0
64034,1
64035,0
64036,1
64037,0
64038,1
64039,1
64040,0
64041,1
64042,1
64043,1
64044,1
64045,1
64046,1
64047,1
64048,0
64049,1
64050,1
64051,1
64052,1
64053,1
64054,1
64055,1
64056,0
64057,1
64058,1
64059,1
64060,1
64061,1
64062,1
64063,1
64064,1
64065,1
64066,1
64067,1
64068,1
64069,1
64070,1
64071,1
64072,1
64073,1
64074,0
64075,1
64076,1
64077,1
64078,1
64079,1
64080,0
64081,1
64082,0
64083,1
64084,0
64085,1
64086,1
64087,1
64088,1
64089,1
64090,0
64091,1
64092,1
64093,1
64094,1
64095,0
64096,0
64097,0
64098,1
64099,1
64100,0
64101,1
64102,1
64103,1
64104,1
64105,1
64106,1
64107,0
64108,1
64109,1
64110,1
64111,1
64112,1
64113,0
64114,1
64115,1
64116,1
64117,1
64118,1
64119,1
64120,1
64121,0
64122,1
64123,1
64124,1
64125,0
64126,0
64127,1
64128,1
64129,1
64130,1
64131,1
64132,1
64133,0
64134,1
64135,1
64136,1
64137,1
64138,1
64139,1
64140,1
64141,1
64142,1
64143,1
64144,1
64145,1
64146,1
64147,1
64148,1
64149,1
64150,1
64151,1
64152,1
64153,1
64154,1
64155,0
64156,1
64157,0
64158,1
64159,1
64160,1
64161,0
64162,1
64163,1
64164,1
64165,1
64166,1
64167,0
64168,0
64169,1
64170,1
64171,1
64172,1
64173,1
64174,1
64175,1
64176,1
64177,1
64178,1
64179,1
64180,1
64181,0
64182,1
64183,1
64184,1
64185,1
64186,1
64187,1
64188,1
64189,1
64190,0
64191,1
64192,1
64193,0
64194,0
64195,0
64196,1
64197,1
64198,1
64199,1
64200,0
64201,1
64202,1
64203,1
64204,1
64205,1
64206,1
64207,1
64208,1
64209,1
64210,1
64211,0
64212,1
64213,1
64214,1
64215,1
64216,0
64217,1
64218,0
64219,1
64220,0
64221,1
64222,0
64223,1
64224,1
64225,0
64226,1
64227,0
64228,1
64229,1
64230,1
64231,1
64232,1
64233,1
64234,1
64235,1
64236,1
64237,1
64238,1
64239,1
64240,1
64241,1
64242,1
64243,1
64244,1
64245,1
64246,1
64247,1
64248,0
64249,0
64250,0
64251,1
64252,0
64253,1
64254,1
64255,1
64256,0
64257,1
64258,1
64259,0
64260,1
64261,0
64262,1
64263,1
64264,0
64265,0
64266,0
64267,1
64268,0
64269,0
64270,1
64271,0
64272,1
64273,0
64274,0
64275,1
64276,1
64277,1
64278,1
64279,1
64280,1
64281,1
64282,1
64283,1
64284,1
64285,0
64286,1
64287,0
64288,1
64289,1
64290,1
64291,0
64292,0
64293,0
64294,0
64295,0
64296,1
64297,0
64298,1
64299,1
64300,0
64301,1
64302,1
64303,0
64304,1
64305,0
64306,0
64307,1
64308,0
64309,0
64310,1
64311,0
64312,0
64313,0
64314,0
64315,0
64316,0
64317,1
64318,0
64319,0
64320,0
64321,0
64322,1
64323,0
64324,0
64325,1
64326,0
64327,0
64328,0
64329,0
64330,1
64331,0
64332,1
64333,0
64334,0
64335,1
64336,0
64337,1
64338,0
64339,0
64340,0
64341,1
64342,0
64343,0
64344,0
64345,0
64346,0
64347,0
64348,1
64349,0
64350,0
64351,1
64352,1
64353,0
64354,1
64355,0
64356,0
64357,0
64358,1
64359,1
64360,1
64361,1
64362,0
64363,0
64364,0
64365,1
64366,1
64367,0
64368,1
64369,0
64370,0
64371,1
64372,0
64373,0
64374,0
64375,0
64376,0
64377,1
64378,0
64379,1
64380,0
64381,0
64382,0
64383,1
64384,1
64385,1
64386,0
64387,0
64388,0
64389,0
64390,1
64391,0
64392,1
64393,1
64394,1
64395,1
64396,0
64397,1
64398,0
64399,1
64400,1
64401,1
64402,0
64403,1
64404,1
64405,0
64406,0
64407,0
64408,1
64409,1
64410,0
64411,1
64412,1
64413,1
64414,1
64415,1
64416,1
64417,1
64418,1
64419,1
64420,0
64421,1
64422,1
64423,1
64424,1
64425,1
64426,0
64427,0
64428,1
64429,1
64430,1
64431,1
64432,0
64433,1
64434,1
64435,0
64436,0
64437,1
64438,0
64439,1
64440,0
64441,0
64442,1
64443,1
64444,1
64445,0
64446,1
64447,1
64448,1
64449,0
64450,0
64451,0
64452,0
64453,1
64454,0
64455,0
64456,1
64457,1
64458,1
64459,0
64460,1
64461,1
64462,1
64463,1
64464,1
64465,1
64466,1
64467,0
64468,0
64469,1
64470,0
64471,0
64472,1
64473,1
64474,1
64475,1
64476,1
64477,1
64478,1
64479,1
64480,1
64481,1
64482,1
64483,1
64484,1
64485,1
64486,1
64487,1
64488,1
64489,0
64490,0
64491,1
64492,1
64493,1
64494,1
64495,0
64496,1
64497,1
64498,1
64499,1
64500,1
64501,1
64502,0
64503,1
64504,1
64505,0
64506,1
64507,1
64508,0
64509,0
64510,0
64511,1
64512,1
64513,0
64514,0
64515,1
64516,0
64517,0
64518,1
64519,0
64520,0
64521,0
64522,0
64523,0
64524,0
64525,0
64526,0
64527,0
64528,0
64529,1
64530,1
64531,1
64532,0
64533,0
64534,0
64535,0
64536,0
64537,0
64538,0
64539,0
64540,1
64541,1
64542,0
64543,1
64544,0
64545,0
64546,1
64547,0
64548,0
64549,1
64550,0
64551,0
64552,0
64553,0
64554,1
64555,0
64556,0
64557,0
64558,0
64559,0
64560,1
64561,1
64562,1
64563,0
64564,0
64565,0
64566,1
64567,0
64568,0
64569,0
64570,0
64571,1
64572,1
64573,0
64574,1
64575,1
64576,1
64577,1
64578,0
64579,0
64580,0
64581,0
64582,1
64583,1
64584,1
64585,1
64586,1
64587,1
64588,1
64589,0
64590,0
64591,0
64592,1
64593,1
64594,0
64595,1
64596,0
64597,1
64598,1
64599,0
64600,0
64601,1
64602,1
64603,1
64604,0
64605,0
64606,0
64607,1
64608,1
64609,1
64610,0
64611,0
64612,1
64613,0
64614,0
64615,1
64616,1
64617,1
64618,0
64619,1
64620,0
64621,0
64622,0
64623,0
64624,0
64625,1
64626,1
64627,1
64628,0
64629,1
64630,1
64631,0
64632,1
64633,1
64634,1
64635,0
64636,1
64637,1
64638,0
64639,1
64640,1
64641,0
64642,1
64643,0
64644,1
64645,0
64646,1
64647,0
64648,0
64649,1
64650,0
64651,1
64652,1
64653,0
64654,0
64655,0
64656,0
64657,1
64658,1
64659,0
64660,0
64661,1
64662,1
64663,0
64664,1
64665,1
64666,1
64667,1
64668,1
64669,1
64670,1
64671,0
64672,1
64673,1
64674,1
64675,1
64676,1
64677,1
64678,1
64679,0
64680,1
64681,1
64682,0
64683,1
64684,1
64685,1
64686,1
64687,1
64688,0
64689,0
64690,0
64691,0
64692,1
64693,0
64694,1
64695,1
64696,1
64697,1
64698,0
64699,1
64700,1
64701,0
64702,1
64703,1
64704,1
64705,1
64706,0
64707,1
64708,1
64709,0
64710,1
64711,1
64712,1
64713,1
64714,1
64715,1
64716,0
64717,1
64718,0
64719,1
64720,1
64721,0
64722,0
64723,1
64724,0
64725,1
64726,0
64727,1
64728,0
64729,1
64730,1
64731,0
64732,1
64733,1
64734,1
64735,0
64736,1
64737,1
64738,1
64739,1
64740,1
64741,0
64742,0
64743,0
64744,0
64745,1
64746,0
64747,1
64748,1
64749,1
64750,0
64751,1
64752,1
64753,0
64754,0
64755,0
64756,0
64757,1
64758,0
64759,1
64760,1
64761,0
64762,1
64763,1
64764,1
64765,0
64766,1
64767,1
64768,0
64769,0
64770,1
64771,1
64772,1
64773,0
64774,1
64775,1
64776,1
64777,1
64778,1
64779,0
64780,0
64781,1
64782,1
64783,1
64784,0
64785,0
64786,1
64787,0
64788,1
64789,0
64790,0
64791,1
64792,1
64793,1
64794,0
64795,1
64796,1
64797,1
64798,1
64799,0
64800,1
64801,1
64802,1
64803,0
64804,1
64805,1
64806,1
64807,0
64808,1
64809,1
64810,1
64811,1
64812,1
64813,1
64814,1
64815,1
64816,0
64817,0
64818,1
64819,0
64820,1
64821,1
64822,1
64823,1
64824,1
64825,1
64826,1
64827,1
64828,0
64829,1
64830,1
64831,0
64832,1
64833,1
64834,0
64835,0
64836,1
64837,0
64838,0
64839,0
64840,1
64841,0
64842,0
64843,0
64844,0
64845,1
64846,1
64847,0
64848,1
64849,1
64850,0
64851,1
64852,0
64853,1
64854,1
64855,1
64856,0
64857,1
64858,1
64859,0
64860,0
64861,1
64862,1
64863,1
64864,0
64865,1
64866,1
64867,0
64868,0
64869,1
64870,1
64871,1
64872,1
64873,0
64874,1
64875,1
64876,1
64877,0
64878,1
64879,0
64880,1
64881,1
64882,0
64883,1
64884,0
64885,0
64886,1
64887,0
64888,1
64889,1
64890,0
64891,1
64892,1
64893,1
64894,1
64895,0
64896,1
64897,1
64898,1
64899,1
64900,1
64901,1
64902,1
64903,1
64904,1
64905,1
64906,0
64907,1
64908,0
64909,0
64910,1
64911,0
64912,0
64913,0
64914,0
64915,1
64916,1
64917,1
64918,1
64919,1
64920,0
64921,0
64922,1
64923,1
64924,1
64925,0
64926,1
64927,1
64928,0
64929,0
64930,0
64931,1
64932,1
64933,1
64934,1
64935,1
64936,0
64937,0
64938,0
64939,0
64940,0
64941,1
64942,1
64943,1
64944,1
64945,1
64946,1
64947,1
64948,1
64949,1
64950,1
64951,1
64952,0
64953,1
64954,1
64955,1
64956,1
64957,1
64958,0
64959,0
64960,0
64961,1
64962,1
64963,1
64964,1
64965,0
64966,1
64967,1
64968,1
64969,0
64970,1
64971,0
64972,1
64973,1
64974,1
64975,1
64976,1
64977,1
64978,1
64979,1
64980,1
64981,1
64982,1
64983,0
64984,1
64985,1
64986,1
64987,1
64988,0
64989,1
64990,1
64991,1
64992,0
64993,0
64994,1
64995,1
64996,1
64997,1
64998,1
64999,1
65000,1
65001,0
65002,1
65003,1
65004,1
65005,1
65006,1
65007,1
65008,1
65009,1
65010,1
65011,1
65012,1
65013,1
65014,0
65015,1
65016,1
65017,1
65018,1
65019,1
65020,0
65021,1
65022,0
65023,1
65024,1
65025,0
65026,1
65027,1
65028,0
65029,1
65030,1
65031,1
65032,1
65033,1
65034,1
65035,1
65036,1
65037,1
65038,1
65039,1
65040,1
65041,1
65042,1
65043,1
65044,1
65045,1
65046,1
65047,1
65048,1
65049,1
65050,1
65051,1
65052,1
65053,1
65054,1
65055,1
65056,1
65057,1
65058,1
65059,1
65060,1
65061,1
65062,1
65063,0
65064,1
65065,0
65066,1
65067,1
65068,1
65069,1
65070,1
65071,1
65072,1
65073,0
65074,1
65075,1
65076,0
65077,0
65078,1
65079,1
65080,1
65081,1
65082,0
65083,1
65084,1
65085,1
65086,1
65087,0
65088,1
65089,1
65090,1
65091,1
65092,1
65093,1
65094,1
65095,1
65096,1
65097,1
65098,1
65099,1
65100,1
65101,0
65102,1
65103,1
65104,1
65105,1
65106,1
65107,1
65108,1
65109,1
65110,1
65111,1
65112,1
65113,1
65114,1
65115,1
65116,1
65117,1
65118,1
65119,1
65120,1
65121,1
65122,1
65123,1
65124,1
65125,0
65126,1
65127,1
65128,1
65129,1
65130,0
65131,1
65132,1
65133,1
65134,0
65135,1
65136,1
65137,1
65138,1
65139,1
65140,0
65141,1
65142,0
65143,1
65144,1
65145,1
65146,1
65147,0
65148,1
65149,0
65150,1
65151,1
65152,0
65153,1
65154,1
65155,1
65156,1
65157,0
65158,1
65159,1
65160,1
65161,1
65162,1
65163,0
65164,0
65165,0
65166,0
65167,0
65168,1
65169,1
65170,0
65171,0
65172,0
65173,0
65174,1
65175,1
65176,0
65177,0
65178,1
65179,0
65180,1
65181,1
65182,0
65183,1
65184,1
65185,1
65186,0
65187,0
65188,1
65189,1
65190,1
65191,0
65192,0
65193,0
65194,1
65195,1
65196,1
65197,1
65198,1
65199,1
65200,0
65201,1
65202,1
65203,1
65204,1
65205,1
65206,1
65207,1
65208,1
65209,0
65210,1
65211,1
65212,1
65213,0
65214,1
65215,1
65216,1
65217,0
65218,1
65219,1
65220,1
65221,0
65222,0
65223,1
65224,1
65225,0
65226,1
65227,0
65228,0
65229,1
65230,1
65231,1
65232,0
65233,1
65234,0
65235,1
65236,1
65237,1
65238,0
65239,1
65240,0
65241,1
65242,1
65243,1
65244,1
65245,1
65246,1
65247,1
65248,0
65249,1
65250,1
65251,0
65252,0
65253,1
65254,1
65255,0
65256,0
65257,1
65258,1
65259,0
65260,1
65261,0
65262,1
65263,1
65264,0
65265,0
65266,1
65267,1
65268,0
65269,0
65270,0
65271,0
65272,1
65273,0
65274,1
65275,1
65276,0
65277,0
65278,0
65279,1
65280,0
65281,1
65282,1
65283,0
65284,0
65285,0
65286,1
65287,0
65288,0
65289,0
65290,1
65291,1
65292,1
65293,0
65294,0
65295,1
65296,1
65297,0
65298,1
65299,0
65300,0
65301,1
65302,1
65303,0
65304,0
65305,1
65306,1
65307,0
65308,1
65309,1
65310,0
65311,0
65312,0
65313,1
65314,1
65315,0
65316,0
65317,1
65318,0
65319,0
65320,1
65321,1
65322,1
65323,0
65324,1
65325,0
65326,0
65327,0
65328,1
65329,1
65330,1
65331,1
65332,1
65333,0
65334,1
65335,1
65336,1
65337,1
65338,0
65339,0
65340,0
65341,1
65342,1
65343,1
65344,0
65345,0
65346,1
65347,1
65348,1
65349,1
65350,1
65351,1
65352,1
65353,1
65354,1
65355,0
65356,1
65357,1
65358,0
65359,1
65360,1
65361,0
65362,0
65363,1
65364,0
65365,0
65366,0
65367,1
65368,1
65369,1
65370,1
65371,1
65372,1
65373,1
65374,1
65375,1
65376,1
65377,1
65378,0
65379,1
65380,1
65381,1
65382,0
65383,0
65384,0
65385,0
65386,0
65387,1
65388,1
65389,0
65390,1
65391,1
65392,1
65393,0
65394,1
65395,1
65396,1
65397,1
65398,1
65399,1
65400,1
65401,1
65402,1
65403,1
65404,0
65405,0
65406,1
65407,0
65408,1
65409,1
65410,0
65411,1
65412,1
65413,1
65414,1
65415,1
65416,0
65417,1
65418,1
65419,0
65420,0
65421,0
65422,1
65423,1
65424,1
65425,1
65426,0
65427,1
65428,1
65429,0
65430,1
65431,1
65432,0
65433,0
65434,1
65435,0
65436,1
65437,1
65438,0
65439,0
65440,1
65441,1
65442,1
65443,1
65444,1
65445,0
65446,1
65447,1
65448,1
65449,1
65450,1
65451,1
65452,1
65453,1
65454,0
65455,1
65456,1
65457,1
65458,1
65459,1
65460,0
65461,1
65462,1
65463,1
65464,0
65465,0
65466,1
65467,1
65468,1
65469,1
65470,0
65471,1
65472,1
65473,1
65474,1
65475,1
65476,1
65477,1
65478,1
65479,1
65480,1
65481,1
65482,0
65483,0
65484,1
65485,0
65486,1
65487,1
65488,1
65489,1
65490,1
65491,1
65492,1
65493,1
65494,1
65495,0
65496,0
65497,1
65498,0
65499,1
65500,1
65501,1
65502,0
65503,1
65504,1
65505,1
65506,1
65507,1
65508,1
65509,1
65510,1
65511,1
65512,1
65513,1
65514,1
65515,0
65516,1
65517,1
65518,1
65519,1
65520,0
65521,0
65522,1
65523,1
65524,1
65525,1
65526,0
65527,1
65528,1
65529,1
65530,0
65531,1
65532,1
65533,1
65534,1
65535,1
65536,0
65537,1
65538,1
65539,1
65540,1
65541,1
65542,0
65543,1
65544,1
65545,1
65546,0
65547,1
65548,1
65549,0
65550,1
65551,1
65552,1
65553,0
65554,1
65555,0
65556,1
65557,0
65558,0
65559,1
65560,1
65561,1
65562,1
65563,1
65564,1
65565,0
65566,1
65567,1
65568,0
65569,1
65570,1
65571,1
65572,1
65573,1
65574,1
65575,1
65576,1
65577,0
65578,1
65579,0
65580,1
65581,1
65582,1
65583,1
65584,1
65585,1
65586,1
65587,0
65588,1
65589,1
65590,1
65591,0
65592,0
65593,1
65594,0
65595,1
65596,1
65597,1
65598,0
65599,1
65600,1
65601,0
65602,0
65603,0
65604,0
65605,1
65606,1
65607,1
65608,1
65609,1
65610,1
65611,1
65612,1
65613,1
65614,0
65615,1
65616,1
65617,0
65618,0
65619,0
65620,0
65621,1
65622,0
65623,0
65624,1
65625,0
65626,0
65627,0
65628,0
65629,1
65630,0
65631,0
65632,0
65633,0
65634,1
65635,0
65636,0
65637,0
65638,0
65639,0
65640,0
65641,0
65642,1
65643,0
65644,0
65645,0
65646,0
65647,0
65648,0
65649,0
65650,0
65651,0
65652,0
65653,0
65654,0
65655,0
65656,0
65657,0
65658,0
65659,1
65660,0
65661,1
65662,1
65663,1
65664,1
65665,0
65666,0
65667,0
65668,0
65669,0
65670,0
65671,0
65672,0
65673,1
65674,0
65675,1
65676,1
65677,1
65678,0
65679,0
65680,0
65681,1
65682,1
65683,1
65684,0
65685,1
65686,1
65687,0
65688,1
65689,1
65690,0
65691,1
65692,1
65693,1
65694,1
65695,1
65696,0
65697,1
65698,0
65699,0
65700,1
65701,0
65702,1
65703,1
65704,0
65705,1
65706,0
65707,0
65708,0
65709,0
65710,1
65711,0
65712,0
65713,0
65714,0
65715,1
65716,1
65717,1
65718,1
65719,0
65720,1
65721,1
65722,1
65723,1
65724,1
65725,0
65726,1
65727,1
65728,1
65729,1
65730,0
65731,0
65732,1
65733,1
65734,0
65735,1
65736,0
65737,1
65738,1
65739,0
65740,1
65741,0
65742,1
65743,1
65744,1
65745,1
65746,1
65747,1
65748,1
65749,1
65750,1
65751,1
65752,0
65753,0
65754,0
65755,1
65756,0
65757,1
65758,1
65759,1
65760,1
65761,1
65762,1
65763,1
65764,1
65765,0
65766,1
65767,1
65768,1
65769,1
65770,1
65771,1
65772,1
65773,1
65774,1
65775,0
65776,0
65777,0
65778,1
65779,1
65780,1
65781,1
65782,0
65783,1
65784,1
65785,1
65786,1
65787,1
65788,1
65789,1
65790,0
65791,1
65792,1
65793,1
65794,0
65795,0
65796,0
65797,1
65798,1
65799,1
65800,1
65801,0
65802,1
65803,1
65804,1
65805,1
65806,0
65807,1
65808,1
65809,0
65810,1
65811,0
65812,1
65813,1
65814,0
65815,0
65816,0
65817,1
65818,0
65819,0
65820,0
65821,0
65822,0
65823,0
65824,0
65825,1
65826,0
65827,0
65828,0
65829,0
65830,1
65831,0
65832,0
65833,1
65834,0
65835,1
65836,0
65837,0
65838,0
65839,0
65840,0
65841,0
65842,0
65843,1
65844,0
65845,0
65846,0
65847,0
65848,1
65849,0
65850,1
65851,1
65852,0
65853,0
65854,1
65855,0
65856,1
65857,0
65858,0
65859,1
65860,0
65861,0
65862,0
65863,0
65864,0
65865,0
65866,0
65867,0
65868,1
65869,0
65870,1
65871,0
65872,0
65873,1
65874,1
65875,1
65876,0
65877,0
65878,0
65879,0
65880,0
65881,1
65882,0
65883,1
65884,0
65885,0
65886,1
65887,1
65888,0
65889,0
65890,0
65891,0
65892,0
65893,0
65894,0
65895,0
65896,0
65897,0
65898,1
65899,1
65900,0
65901,0
65902,0
65903,0
65904,0
65905,1
65906,0
65907,1
65908,0
65909,0
65910,1
65911,1
65912,1
65913,1
65914,1
65915,1
65916,0
65917,0
65918,0
65919,1
65920,0
65921,0
65922,1
65923,0
65924,1
65925,1
65926,0
65927,1
65928,1
65929,0
65930,0
65931,0
65932,1
65933,0
65934,1
65935,1
65936,0
65937,0
65938,0
65939,1
65940,1
65941,0
65942,0
65943,0
65944,0
65945,0
65946,1
65947,1
65948,0
65949,1
65950,0
65951,0
65952,1
65953,1
65954,0
65955,0
65956,1
65957,1
65958,0
65959,1
65960,1
65961,1
65962,0
65963,1
65964,0
65965,1
65966,1
65967,1
65968,0
65969,1
65970,1
65971,0
65972,0
65973,1
65974,0
65975,0
65976,1
65977,0
65978,1
65979,0
65980,0
65981,0
65982,0
65983,1
65984,1
65985,0
65986,0
65987,1
65988,1
65989,1
65990,0
65991,0
65992,1
65993,0
65994,0
65995,1
65996,0
65997,1
65998,1
65999,1
66000,1
66001,0
66002,1
66003,0
66004,1
66005,1
66006,1
66007,1
66008,1
66009,1
66010,1
66011,1
66012,0
66013,0
66014,1
66015,1
66016,0
66017,1
66018,1
66019,1
66020,0
66021,0
66022,0
66023,1
66024,0
66025,1
66026,1
66027,0
66028,0
66029,1
66030,1
66031,1
66032,1
66033,0
66034,0
66035,0
66036,0
66037,0
66038,1
66039,1
66040,1
66041,0
66042,1
66043,1
66044,0
66045,1
66046,0
66047,1
66048,1
66049,1
66050,1
66051,1
66052,0
66053,1
66054,1
66055,0
66056,0
66057,0
66058,1
66059,0
66060,0
66061,1
66062,0
66063,1
66064,0
66065,0
66066,0
66067,0
66068,1
66069,1
66070,1
66071,0
66072,0
66073,1
66074,1
66075,1
66076,0
66077,1
66078,1
66079,1
66080,1
66081,0
66082,1
66083,1
66084,1
66085,1
66086,1
66087,1
66088,0
66089,1
66090,1
66091,0
66092,0
66093,1
66094,1
66095,1
66096,0
66097,0
66098,1
66099,0
66100,1
66101,1
66102,1
66103,1
66104,1
66105,1
66106,1
66107,1
66108,1
66109,1
66110,1
66111,0
66112,1
66113,0
66114,1
66115,0
66116,0
66117,0
66118,1
66119,0
66120,0
66121,1
66122,1
66123,0
66124,0
66125,1
66126,1
66127,0
66128,0
66129,1
66130,0
66131,0
66132,0
66133,0
66134,0
66135,1
66136,1
66137,1
66138,0
66139,0
66140,1
66141,0
66142,0
66143,0
66144,0
66145,0
66146,1
66147,1
66148,1
66149,0
66150,1
66151,1
66152,1
66153,0
66154,1
66155,1
66156,0
66157,0
66158,1
66159,0
66160,0
66161,0
66162,1
66163,0
66164,1
66165,1
66166,0
66167,1
66168,0
66169,0
66170,1
66171,0
66172,0
66173,0
66174,1
66175,0
66176,0
66177,0
66178,0
66179,0
66180,0
66181,0
66182,0
66183,0
66184,0
66185,0
66186,0
66187,1
66188,0
66189,0
66190,0
66191,0
66192,1
66193,0
66194,1
66195,0
66196,0
66197,0
66198,1
66199,0
66200,0
66201,0
66202,0
66203,0
66204,0
66205,0
66206,0
66207,1
66208,0
66209,0
66210,1
66211,0
66212,1
66213,0
66214,0
66215,0
66216,0
66217,0
66218,0
66219,1
66220,1
66221,0
66222,0
66223,1
66224,1
66225,1
66226,1
66227,0
66228,1
66229,1
66230,0
66231,0
66232,0
66233,0
66234,1
66235,1
66236,0
66237,1
66238,1
66239,1
66240,1
66241,1
66242,0
66243,1
66244,1
66245,1
66246,0
66247,0
66248,1
66249,0
66250,1
66251,0
66252,0
66253,1
66254,0
66255,1
66256,1
66257,1
66258,1
66259,1
66260,1
66261,0
66262,0
66263,0
66264,0
66265,0
66266,1
66267,0
66268,1
66269,0
66270,0
66271,1
66272,1
66273,1
66274,0
66275,0
66276,1
66277,1
66278,0
66279,0
66280,1
66281,1
66282,1
66283,1
66284,1
66285,1
66286,0
66287,1
66288,1
66289,1
66290,1
66291,1
66292,0
66293,1
66294,1
66295,1
66296,1
66297,1
66298,1
66299,1
66300,0
66301,1
66302,1
66303,0
66304,0
66305,0
66306,1
66307,1
66308,1
66309,0
66310,1
66311,0
66312,1
66313,1
66314,0
66315,1
66316,1
66317,1
66318,0
66319,1
66320,1
66321,1
66322,1
66323,1
66324,1
66325,0
66326,0
66327,1
66328,1
66329,1
66330,0
66331,0
66332,1
66333,1
66334,1
66335,0
66336,1
66337,0
66338,0
66339,1
66340,0
66341,1
66342,0
66343,0
66344,1
66345,0
66346,1
66347,1
66348,1
66349,0
66350,1
66351,1
66352,1
66353,1
66354,1
66355,1
66356,0
66357,1
66358,1
66359,1
66360,0
66361,1
66362,1
66363,1
66364,0
66365,0
66366,1
66367,1
66368,1
66369,0
66370,1
66371,1
66372,1
66373,0
66374,0
66375,1
66376,0
66377,1
66378,1
66379,1
66380,0
66381,0
66382,1
66383,0
66384,1
66385,1
66386,1
66387,0
66388,1
66389,1
66390,1
66391,1
66392,1
66393,1
66394,0
66395,0
66396,0
66397,0
66398,0
66399,0
66400,0
66401,1
66402,0
66403,1
66404,1
66405,0
66406,1
66407,1
66408,0
66409,1
66410,1
66411,0
66412,1
66413,1
66414,0
66415,1
66416,1
66417,0
66418,1
66419,0
66420,1
66421,0
66422,1
66423,1
66424,0
66425,0
66426,1
66427,0
66428,0
66429,0
66430,0
66431,1
66432,1
66433,1
66434,1
66435,1
66436,1
66437,1
66438,1
66439,0
66440,1
66441,0
66442,0
66443,1
66444,1
66445,1
66446,0
66447,0
66448,0
66449,0
66450,1
66451,0
66452,0
66453,1
66454,0
66455,1
66456,1
66457,1
66458,0
66459,1
66460,1
66461,1
66462,1
66463,1
66464,1
66465,1
66466,1
66467,0
66468,0
66469,1
66470,1
66471,1
66472,0
66473,1
66474,1
66475,1
66476,1
66477,1
66478,1
66479,1
66480,0
66481,1
66482,1
66483,1
66484,1
66485,1
66486,1
66487,1
66488,1
66489,1
66490,0
66491,1
66492,1
66493,0
66494,0
66495,0
66496,1
66497,1
66498,1
66499,0
66500,1
66501,1
66502,0
66503,1
66504,0
66505,1
66506,1
66507,1
66508,0
66509,0
66510,1
66511,1
66512,1
66513,1
66514,1
66515,1
66516,1
66517,1
66518,0
66519,1
66520,0
66521,1
66522,1
66523,1
66524,1
66525,1
66526,1
66527,1
66528,1
66529,1
66530,1
66531,1
66532,1
66533,1
66534,1
66535,1
66536,1
66537,1
66538,1
66539,1
66540,1
66541,1
66542,0
66543,1
66544,1
66545,1
66546,1
66547,1
66548,1
66549,1
66550,1
66551,1
66552,1
66553,0
66554,0
66555,1
66556,1
66557,1
66558,1
66559,1
66560,1
66561,1
66562,0
66563,1
66564,1
66565,1
66566,1
66567,1
66568,1
66569,1
66570,1
66571,1
66572,1
66573,1
66574,1
66575,1
66576,1
66577,1
66578,1
66579,1
66580,1
66581,1
66582,1
66583,1
66584,0
66585,1
66586,0
66587,1
66588,1
66589,1
66590,1
66591,1
66592,1
66593,1
66594,1
66595,1
66596,1
66597,1
66598,1
66599,1
66600,0
66601,1
66602,1
66603,1
66604,1
66605,1
66606,1
66607,0
66608,1
66609,0
66610,1
66611,1
66612,1
66613,0
66614,0
66615,1
66616,1
66617,1
66618,1
66619,1
66620,1
66621,1
66622,1
66623,0
66624,1
66625,1
66626,1
66627,1
66628,0
66629,1
66630,1
66631,1
66632,1
66633,1
66634,1
66635,1
66636,1
66637,1
66638,1
66639,1
66640,1
66641,1
66642,1
66643,1
66644,1
66645,1
66646,1
66647,1
66648,1
66649,1
66650,0
66651,1
66652,1
66653,0
66654,1
66655,0
66656,1
66657,1
66658,1
66659,1
66660,1
66661,1
66662,1
66663,0
66664,0
66665,0
66666,0
66667,1
66668,1
66669,1
66670,0
66671,1
66672,0
66673,0
66674,0
66675,1
66676,1
66677,1
66678,1
66679,1
66680,0
66681,1
66682,0
66683,1
66684,0
66685,0
66686,0
66687,1
66688,1
66689,0
66690,1
66691,1
66692,1
66693,1
66694,0
66695,1
66696,1
66697,1
66698,1
66699,1
66700,0
66701,0
66702,1
66703,1
66704,1
66705,1
66706,0
66707,1
66708,1
66709,1
66710,1
66711,0
66712,0
66713,0
66714,1
66715,1
66716,1
66717,1
66718,1
66719,1
66720,1
66721,1
66722,1
66723,1
66724,1
66725,1
66726,0
66727,0
66728,0
66729,1
66730,0
66731,1
66732,1
66733,0
66734,1
66735,0
66736,1
66737,1
66738,1
66739,0
66740,1
66741,1
66742,1
66743,1
66744,1
66745,1
66746,0
66747,1
66748,1
66749,1
66750,1
66751,1
66752,1
66753,1
66754,1
66755,1
66756,1
66757,0
66758,1
66759,1
66760,0
66761,1
66762,1
66763,1
66764,1
66765,1
66766,1
66767,1
66768,1
66769,1
66770,0
66771,1
66772,1
66773,1
66774,1
66775,0
66776,1
66777,1
66778,1
66779,1
66780,1
66781,0
66782,1
66783,1
66784,1
66785,1
66786,1
66787,1
66788,1
66789,0
66790,1
66791,0
66792,1
66793,1
66794,1
66795,1
66796,1
66797,1
66798,1
66799,1
66800,1
66801,1
66802,0
66803,1
66804,1
66805,0
66806,0
66807,1
66808,1
66809,0
66810,0
66811,1
66812,1
66813,1
66814,1
66815,1
66816,1
66817,1
66818,1
66819,1
66820,1
66821,0
66822,1
66823,1
66824,1
66825,0
66826,0
66827,1
66828,0
66829,1
66830,0
66831,1
66832,1
66833,0
66834,1
66835,0
66836,0
66837,1
66838,1
66839,1
66840,0
66841,1
66842,1
66843,0
66844,1
66845,1
66846,0
66847,1
66848,1
66849,1
66850,1
66851,1
66852,1
66853,1
66854,0
66855,1
66856,1
66857,1
66858,1
66859,1
66860,1
66861,1
66862,1
66863,1
66864,0
66865,0
66866,1
66867,1
66868,0
66869,1
66870,0
66871,0
66872,0
66873,1
66874,1
66875,0
66876,1
66877,0
66878,1
66879,0
66880,0
66881,0
66882,0
66883,0
66884,0
66885,0
66886,1
66887,0
66888,0
66889,1
66890,0
66891,0
66892,0
66893,1
66894,1
66895,1
66896,1
66897,1
66898,0
66899,1
66900,0
66901,0
66902,1
66903,1
66904,0
66905,0
66906,0
66907,0
66908,1
66909,0
66910,1
66911,0
66912,0
66913,0
66914,1
66915,0
66916,1
66917,0
66918,0
66919,1
66920,0
66921,1
66922,0
66923,0
66924,1
66925,0
66926,0
66927,0
66928,0
66929,0
66930,0
66931,1
66932,0
66933,1
66934,1
66935,0
66936,1
66937,0
66938,0
66939,0
66940,0
66941,0
66942,0
66943,0
66944,0
66945,1
66946,0
66947,1
66948,0
66949,0
66950,0
66951,0
66952,0
66953,0
66954,0
66955,1
66956,0
66957,0
66958,0
66959,0
66960,0
66961,0
66962,0
66963,0
66964,1
66965,0
66966,1
66967,0
66968,1
66969,0
66970,0
66971,0
66972,0
66973,0
66974,0
66975,1
66976,0
66977,0
66978,0
66979,0
66980,1
66981,0
66982,1
66983,1
66984,0
66985,1
66986,0
66987,0
66988,1
66989,0
66990,0
66991,0
66992,1
66993,0
66994,1
66995,0
66996,0
66997,0
66998,1
66999,1
67000,0
67001,0
67002,1
67003,0
67004,0
67005,0
67006,1
67007,0
67008,0
67009,1
67010,0
67011,0
67012,0
67013,0
67014,0
67015,1
67016,0
67017,1
67018,0
67019,0
67020,1
67021,0
67022,0
67023,0
67024,0
67025,0
67026,1
67027,1
67028,0
67029,0
67030,0
67031,0
67032,0
67033,0
67034,0
67035,0
67036,1
67037,0
67038,1
67039,0
67040,1
67041,0
67042,1
67043,0
67044,0
67045,0
67046,0
67047,0
67048,0
67049,0
67050,1
67051,0
67052,0
67053,1
67054,0
67055,0
67056,0
67057,0
67058,1
67059,0
67060,0
67061,0
67062,0
67063,1
67064,0
67065,0
67066,0
67067,0
67068,0
67069,0
67070,1
67071,0
67072,0
67073,0
67074,0
67075,1
67076,1
67077,0
67078,1
67079,1
67080,0
67081,0
67082,1
67083,0
67084,0
67085,0
67086,1
67087,0
67088,0
67089,0
67090,0
67091,0
67092,0
67093,1
67094,1
67095,0
67096,1
67097,0
67098,0
67099,0
67100,1
67101,1
67102,0
67103,0
67104,1
67105,1
67106,1
67107,1
67108,0
67109,0
67110,0
67111,0
67112,0
67113,0
67114,0
67115,0
67116,0
67117,0
67118,0
67119,0
67120,0
67121,0
67122,1
67123,0
67124,1
67125,1
67126,0
67127,0
67128,1
67129,1
67130,0
67131,1
67132,1
67133,0
67134,0
67135,0
67136,0
67137,0
67138,1
67139,0
67140,1
67141,0
67142,0
67143,0
67144,1
67145,1
67146,1
67147,0
67148,0
67149,0
67150,0
67151,1
67152,1
67153,0
67154,0
67155,0
67156,1
67157,0
67158,0
67159,0
67160,0
67161,1
67162,1
67163,0
67164,1
67165,1
67166,0
67167,0
67168,0
67169,1
67170,1
67171,1
67172,1
67173,0
67174,1
67175,1
67176,1
67177,1
67178,1
67179,0
67180,1
67181,1
67182,1
67183,0
67184,1
67185,1
67186,0
67187,0
67188,0
67189,1
67190,1
67191,1
67192,0
67193,1
67194,0
67195,0
67196,0
67197,0
67198,0
67199,0
67200,0
67201,1
67202,1
67203,1
67204,0
67205,0
67206,1
67207,1
67208,0
67209,1
67210,1
67211,1
67212,1
67213,1
67214,1
67215,0
67216,0
67217,1
67218,1
67219,0
67220,0
67221,0
67222,0
67223,0
67224,1
67225,0
67226,0
67227,1
67228,0
67229,0
67230,1
67231,1
67232,1
67233,1
67234,0
67235,1
67236,0
67237,0
67238,0
67239,0
67240,0
67241,0
67242,0
67243,1
67244,0
67245,1
67246,0
67247,1
67248,0
67249,0
67250,0
67251,1
67252,1
67253,0
67254,0
67255,0
67256,0
67257,0
67258,0
67259,0
67260,1
67261,0
67262,0
67263,1
67264,0
67265,0
67266,0
67267,0
67268,0
67269,1
67270,0
67271,0
67272,0
67273,0
67274,0
67275,0
67276,0
67277,0
67278,0
67279,0
67280,0
67281,0
67282,0
67283,0
67284,0
67285,1
67286,1
67287,0
67288,0
67289,0
67290,0
67291,0
67292,0
67293,0
67294,0
67295,1
67296,0
67297,0
67298,0
67299,0
67300,0
67301,0
67302,1
67303,0
67304,0
67305,1
67306,0
67307,0
67308,0
67309,0
67310,0
67311,0
67312,0
67313,0
67314,0
67315,0
67316,0
67317,0
67318,0
67319,0
67320,0
67321,0
67322,0
67323,0
67324,0
67325,0
67326,0
67327,1
67328,1
67329,0
67330,0
67331,0
67332,0
67333,0
67334,0
67335,0
67336,0
67337,1
67338,0
67339,0
67340,1
67341,1
67342,0
67343,1
67344,0
67345,0
67346,0
67347,1
67348,0
67349,1
67350,0
67351,1
67352,0
67353,0
67354,0
67355,0
67356,0
67357,0
67358,0
67359,0
67360,0
67361,0
67362,0
67363,0
67364,0
67365,0
67366,0
67367,0
67368,0
67369,0
67370,0
67371,0
67372,0
67373,0
67374,1
67375,0
67376,1
67377,0
67378,0
67379,1
67380,0
67381,0
67382,0
67383,0
67384,1
67385,0
67386,0
67387,1
67388,0
67389,0
67390,1
67391,0
67392,1
67393,1
67394,0
67395,1
67396,0
67397,1
67398,0
67399,0
67400,1
67401,1
67402,0
67403,1
67404,0
67405,0
67406,0
67407,0
67408,0
67409,0
67410,1
67411,0
67412,0
67413,1
67414,0
67415,0
67416,0
67417,0
67418,0
67419,0
67420,0
67421,0
67422,1
67423,0
67424,1
67425,1
67426,0
67427,0
67428,0
67429,0
67430,0
67431,0
67432,0
67433,0
67434,0
67435,0
67436,1
67437,0
67438,0
67439,0
67440,0
67441,0
67442,0
67443,0
67444,0
67445,0
67446,0
67447,0
67448,0
67449,0
67450,1
67451,1
67452,0
67453,1
67454,0
67455,0
67456,0
67457,0
67458,0
67459,1
67460,1
67461,0
67462,0
67463,0
67464,0
67465,1
67466,1
67467,1
67468,0
67469,1
67470,1
67471,0
67472,0
67473,0
67474,0
67475,1
67476,0
67477,0
67478,0
67479,0
67480,0
67481,0
67482,1
67483,0
67484,0
67485,0
67486,0
67487,0
67488,0
67489,0
67490,0
67491,0
67492,1
67493,0
67494,0
67495,1
67496,1
67497,0
67498,0
67499,0
67500,0
67501,0
67502,0
67503,0
67504,0
67505,0
67506,1
67507,0
67508,1
67509,1
67510,0
67511,0
67512,1
67513,1
67514,1
67515,0
67516,0
67517,0
67518,0
67519,1
67520,0
67521,0
67522,0
67523,1
67524,1
67525,1
67526,0
67527,0
67528,0
67529,0
67530,0
67531,0
67532,0
67533,0
67534,0
67535,0
67536,0
67537,1
67538,0
67539,0
67540,1
67541,0
67542,1
67543,0
67544,0
67545,0
67546,0
67547,0
67548,0
67549,1
67550,0
67551,0
67552,0
67553,0
67554,0
67555,0
67556,0
67557,0
67558,0
67559,1
67560,0
67561,1
67562,1
67563,0
67564,0
67565,1
67566,0
67567,0
67568,0
67569,1
67570,0
67571,0
67572,1
67573,0
67574,0
67575,0
67576,1
67577,0
67578,0
67579,0
67580,1
67581,0
67582,0
67583,1
67584,0
67585,0
67586,0
67587,0
67588,0
67589,0
67590,0
67591,0
67592,0
67593,1
67594,0
67595,0
67596,1
67597,1
67598,0
67599,1
67600,1
67601,1
67602,0
67603,0
67604,1
67605,0
67606,0
67607,1
67608,1
67609,1
67610,0
67611,0
67612,0
67613,0
67614,0
67615,0
67616,0
67617,0
67618,0
67619,1
67620,0
67621,0
67622,0
67623,0
67624,1
67625,0
67626,0
67627,0
67628,0
67629,0
67630,1
67631,1
67632,1
67633,0
67634,1
67635,0
67636,1
67637,0
67638,1
67639,0
67640,0
67641,0
67642,0
67643,1
67644,0
67645,0
67646,1
67647,0
67648,0
67649,0
67650,1
67651,1
67652,1
67653,0
67654,1
67655,0
67656,0
67657,1
67658,0
67659,0
67660,0
67661,0
67662,0
67663,0
67664,0
67665,1
67666,0
67667,1
67668,0
67669,0
67670,0
67671,0
67672,0
67673,0
67674,1
67675,0
67676,0
67677,0
67678,1
67679,0
67680,0
67681,0
67682,0
67683,0
67684,1
67685,0
67686,1
67687,1
67688,0
67689,1
67690,1
67691,1
67692,0
67693,1
67694,0
67695,0
67696,0
67697,0
67698,0
67699,0
67700,0
67701,0
67702,0
67703,0
67704,0
67705,1
67706,0
67707,0
67708,0
67709,0
67710,0
67711,1
67712,0
67713,0
67714,0
67715,1
67716,0
67717,0
67718,0
67719,1
67720,1
67721,1
67722,0
67723,0
67724,0
67725,0
67726,0
67727,0
67728,1
67729,0
67730,1
67731,1
67732,1
67733,0
67734,0
67735,0
67736,0
67737,0
67738,0
67739,0
67740,0
67741,1
67742,0
67743,0
67744,0
67745,0
67746,1
67747,0
67748,1
67749,1
67750,1
67751,1
67752,1
67753,1
67754,1
67755,1
67756,0
67757,0
67758,0
67759,1
67760,1
67761,0
67762,1
67763,1
67764,1
67765,1
67766,1
67767,1
67768,1
67769,1
67770,0
67771,1
67772,1
67773,1
67774,0
67775,1
67776,1
67777,1
67778,1
67779,0
67780,0
67781,1
67782,1
67783,0
67784,1
67785,1
67786,0
67787,1
67788,1
67789,1
67790,0
67791,1
67792,1
67793,0
67794,1
67795,1
67796,1
67797,0
67798,0
67799,1
67800,0
67801,0
67802,0
67803,1
67804,1
67805,0
67806,1
67807,1
67808,1
67809,0
67810,0
67811,0
67812,0
67813,1
67814,0
67815,0
67816,1
67817,0
67818,0
67819,0
67820,1
67821,1
67822,1
67823,0
67824,1
67825,0
67826,0
67827,0
67828,0
67829,0
67830,1
67831,0
67832,0
67833,0
67834,1
67835,0
67836,0
67837,0
67838,0
67839,1
67840,0
67841,0
67842,1
67843,0
67844,0
67845,1
67846,1
67847,1
67848,0
67849,0
67850,1
67851,1
67852,0
67853,0
67854,1
67855,0
67856,0
67857,0
67858,0
67859,0
67860,0
67861,0
67862,1
67863,1
67864,1
67865,0
67866,0
67867,1
67868,1
67869,1
67870,1
67871,0
67872,0
67873,0
67874,0
67875,1
67876,0
67877,1
67878,1
67879,0
67880,1
67881,1
67882,1
67883,1
67884,1
67885,0
67886,1
67887,1
67888,1
67889,1
67890,1
67891,1
67892,0
67893,0
67894,1
67895,1
67896,0
67897,1
67898,1
67899,1
67900,1
67901,1
67902,1
67903,0
67904,0
67905,1
67906,1
67907,0
67908,1
67909,1
67910,0
67911,1
67912,1
67913,1
67914,1
67915,1
67916,1
67917,0
67918,1
67919,1
67920,0
67921,1
67922,1
67923,1
67924,1
67925,1
67926,0
67927,1
67928,0
67929,1
67930,1
67931,1
67932,1
67933,1
67934,1
67935,1
67936,0
67937,0
67938,0
67939,0
67940,1
67941,1
67942,1
67943,1
67944,1
67945,1
67946,1
67947,1
67948,0
67949,0
67950,1
67951,1
67952,1
67953,1
67954,0
67955,0
67956,1
67957,1
67958,1
67959,1
67960,1
67961,0
67962,0
67963,1
67964,0
67965,1
67966,1
67967,0
67968,0
67969,0
67970,0
67971,0
67972,1
67973,1
67974,1
67975,1
67976,0
67977,0
67978,1
67979,0
67980,1
67981,1
67982,1
67983,1
67984,0
67985,0
67986,1
67987,1
67988,1
67989,1
67990,1
67991,1
67992,0
67993,1
67994,0
67995,1
67996,0
67997,1
67998,1
67999,1
68000,0
68001,1
68002,1
68003,1
68004,1
68005,0
68006,1
68007,1
68008,1
68009,1
68010,1
68011,1
68012,0
68013,1
68014,1
68015,0
68016,0
68017,1
68018,1
68019,1
68020,1
68021,1
68022,1
68023,1
68024,1
68025,1
68026,0
68027,1
68028,1
68029,0
68030,1
68031,0
68032,1
68033,1
68034,1
68035,0
68036,1
68037,1
68038,0
68039,1
68040,0
68041,1
68042,1
68043,0
68044,1
68045,0
68046,0
68047,1
68048,0
68049,0
68050,1
68051,1
68052,0
68053,1
68054,1
68055,1
68056,1
68057,1
68058,1
68059,0
68060,1
68061,1
68062,1
68063,1
68064,1
68065,1
68066,1
68067,1
68068,1
68069,1
68070,0
68071,0
68072,0
68073,0
68074,1
68075,1
68076,0
68077,0
68078,0
68079,0
68080,1
68081,1
68082,1
68083,0
68084,0
68085,1
68086,0
68087,1
68088,0
68089,0
68090,0
68091,0
68092,1
68093,1
68094,1
68095,1
68096,1
68097,0
68098,1
68099,0
68100,1
68101,0
68102,1
68103,1
68104,0
68105,1
68106,0
68107,1
68108,1
68109,1
68110,0
68111,1
68112,1
68113,1
68114,0
68115,1
68116,1
68117,0
68118,0
68119,1
68120,1
68121,0
68122,0
68123,0
68124,0
68125,1
68126,0
68127,1
68128,0
68129,1
68130,1
68131,1
68132,0
68133,0
68134,1
68135,1
68136,1
68137,0
68138,0
68139,1
68140,0
68141,0
68142,1
68143,1
68144,0
68145,1
68146,0
68147,0
68148,0
68149,1
68150,1
68151,0
68152,1
68153,1
68154,1
68155,0
68156,1
68157,0
68158,0
68159,1
68160,0
68161,1
68162,0
68163,1
68164,0
68165,0
68166,1
68167,1
68168,0
68169,1
68170,1
68171,0
68172,1
68173,0
68174,1
68175,1
68176,1
68177,1
68178,1
68179,1
68180,1
68181,1
68182,0
68183,1
68184,1
68185,1
68186,1
68187,1
68188,1
68189,1
68190,0
68191,1
68192,0
68193,0
68194,0
68195,0
68196,1
68197,0
68198,1
68199,1
68200,1
68201,0
68202,0
68203,1
68204,0
68205,0
68206,1
68207,1
68208,0
68209,0
68210,1
68211,0
68212,0
68213,0
68214,0
68215,1
68216,1
68217,0
68218,0
68219,0
68220,0
68221,1
68222,0
68223,0
68224,1
68225,1
68226,1
68227,0
68228,0
68229,0
68230,1
68231,1
68232,0
68233,1
68234,0
68235,0
68236,0
68237,0
68238,0
68239,0
68240,1
68241,1
68242,0
68243,0
68244,0
68245,0
68246,1
68247,1
68248,1
68249,1
68250,1
68251,1
68252,0
68253,1
68254,0
68255,1
68256,1
68257,1
68258,0
68259,1
68260,1
68261,0
68262,1
68263,0
68264,1
68265,0
68266,0
68267,1
68268,0
68269,1
68270,0
68271,0
68272,1
68273,1
68274,0
68275,1
68276,1
68277,0
68278,1
68279,1
68280,1
68281,1
68282,1
68283,1
68284,1
68285,1
68286,0
68287,0
68288,1
68289,1
68290,1
68291,1
68292,1
68293,0
68294,1
68295,0
68296,1
68297,0
68298,0
68299,0
68300,1
68301,0
68302,1
68303,1
68304,1
68305,1
68306,1
68307,1
68308,1
68309,0
68310,0
68311,1
68312,0
68313,1
68314,1
68315,1
68316,0
68317,0
68318,1
68319,0
68320,1
68321,1
68322,1
68323,1
68324,1
68325,1
68326,1
68327,1
68328,1
68329,1
68330,1
68331,1
68332,1
68333,1
68334,1
68335,1
68336,1
68337,0
68338,1
68339,0
68340,1
68341,1
68342,1
68343,1
68344,1
68345,1
68346,1
68347,1
68348,1
68349,1
68350,1
68351,1
68352,1
68353,1
68354,0
68355,0
68356,1
68357,1
68358,0
68359,0
68360,1
68361,1
68362,1
68363,1
68364,1
68365,1
68366,1
68367,1
68368,1
68369,1
68370,1
68371,1
68372,1
68373,1
68374,1
68375,1
68376,1
68377,1
68378,1
68379,1
68380,1
68381,0
68382,1
68383,0
68384,1
68385,0
68386,1
68387,1
68388,1
68389,1
68390,1
68391,1
68392,1
68393,1
68394,0
68395,1
68396,0
68397,0
68398,0
68399,1
68400,1
68401,1
68402,1
68403,1
68404,1
68405,0
68406,1
68407,1
68408,0
68409,0
68410,1
68411,1
68412,1
68413,1
68414,1
68415,1
68416,1
68417,1
68418,1
68419,0
68420,1
68421,1
68422,1
68423,1
68424,1
68425,1
68426,1
68427,0
68428,1
68429,1
68430,1
68431,1
68432,1
68433,1
68434,1
68435,1
68436,1
68437,1
68438,0
68439,1
68440,1
68441,1
68442,1
68443,1
68444,0
68445,1
68446,1
68447,1
68448,1
68449,1
68450,0
68451,1
68452,1
68453,1
68454,1
68455,1
68456,1
68457,0
68458,0
68459,1
68460,0
68461,1
68462,0
68463,1
68464,1
68465,1
68466,1
68467,1
68468,1
68469,1
68470,1
68471,1
68472,1
68473,1
68474,1
68475,0
68476,1
68477,1
68478,1
68479,1
68480,0
68481,1
68482,1
68483,1
68484,1
68485,0
68486,1
68487,1
68488,1
68489,1
68490,0
68491,0
68492,1
68493,1
68494,1
68495,1
68496,1
68497,1
68498,1
68499,1
68500,0
68501,1
68502,1
68503,1
68504,1
68505,1
68506,0
68507,0
68508,1
68509,1
68510,1
68511,1
68512,1
68513,1
68514,1
68515,1
68516,1
68517,1
68518,1
68519,1
68520,1
68521,1
68522,1
68523,0
68524,1
68525,1
68526,1
68527,1
68528,1
68529,1
68530,1
68531,1
68532,1
68533,1
68534,1
68535,1
68536,1
68537,1
68538,1
68539,1
68540,1
68541,1
68542,1
68543,1
68544,1
68545,1
68546,1
68547,1
68548,1
68549,0
68550,1
68551,1
68552,1
68553,1
68554,1
68555,1
68556,1
68557,1
68558,1
68559,1
68560,1
68561,1
68562,1
68563,1
68564,1
68565,1
68566,1
68567,1
68568,1
68569,1
68570,1
68571,1
68572,1
68573,1
68574,1
68575,1
68576,0
68577,1
68578,1
68579,1
68580,0
68581,0
68582,1
68583,1
68584,0
68585,1
68586,1
68587,1
68588,1
68589,1
68590,1
68591,1
68592,1
68593,0
68594,1
68595,0
68596,0
68597,0
68598,0
